Master,Path length,type of sensors,N.Sensors,N.reparations,Fuel Consumption,Year of construction,Horse Power,Mileage
0,391,12,83,4,42,2006,328,114118
0,860,20,26,10,26,2000,387,9753
0,752,41,92,6,35,2012,308,44213
0,447,21,71,8,27,2009,567,136276
0,497,15,38,6,48,2007,502,100502
0,643,4,63,9,39,1994,493,81445
0,768,39,81,6,22,2015,462,46975
0,403,40,85,9,41,2007,439,90474
0,667,17,18,4,26,2000,556,52844
0,624,30,48,7,38,1996,350,127105
0,338,2,39,3,28,2020,484,39574
0,524,29,53,4,47,1995,304,60036
0,268,16,26,9,27,2002,544,19387
0,269,36,72,4,24,1996,427,54912
0,864,24,33,3,35,1990,578,140320
0,756,11,32,2,20,2001,574,135705
0,541,20,77,6,40,2020,566,139543
0,841,10,93,5,20,2005,372,95074
0,178,37,83,8,46,2005,388,115050
0,857,46,48,9,46,1992,365,136890
0,434,31,40,9,28,2005,427,43781
0,168,2,6,8,33,2006,535,48880
0,392,13,58,2,40,2020,349,104006
0,495,33,67,0,34,2014,382,146219
0,338,9,22,2,30,2008,586,43894
0,295,40,96,4,35,2010,460,21638
0,325,50,85,4,24,2000,369,1971
0,695,36,37,2,26,2017,371,49495
0,945,36,98,5,49,1998,540,19328
0,445,50,66,2,31,2018,442,89916
0,107,42,87,0,21,2004,444,135118
0,113,24,82,10,50,2019,310,143052
0,356,12,35,1,24,2011,481,65103
0,681,2,99,2,25,2000,336,120505
0,781,21,41,8,48,1995,550,52456
0,858,24,32,5,27,1992,418,67401
0,900,16,83,4,33,2017,303,84965
0,872,14,93,8,31,2007,429,64543
0,213,46,81,7,44,2005,528,88733
0,855,3,29,5,20,2012,384,126172
0,150,39,67,9,30,2001,430,122486
0,867,21,96,1,38,2010,559,142176
0,666,1,75,0,21,2019,427,79932
0,544,3,99,0,27,1992,361,20937
0,588,30,93,6,47,2008,596,135306
0,130,42,92,9,21,2010,320,10652
0,908,6,52,10,50,1993,411,46598
0,295,43,66,9,26,2007,399,102314
0,560,7,19,4,47,2020,461,25311
0,927,36,43,7,41,1991,506,19343
0,600,27,97,2,44,2002,404,129588
0,251,25,87,5,45,2008,352,131933
0,199,7,97,7,46,2018,411,95295
0,532,8,93,10,26,1995,517,109297
0,676,41,63,3,39,2005,468,48734
0,522,33,100,5,31,2007,313,141842
0,678,21,21,8,41,1990,341,59831
0,477,6,99,1,49,2020,576,94690
0,788,40,43,5,49,2010,480,15054
0,647,25,59,9,34,2009,310,92513
0,574,43,86,3,38,2002,488,138769
0,690,49,99,6,21,2015,365,37854
0,659,40,66,8,45,2016,364,115157
0,358,34,79,9,49,2014,464,97499
0,176,4,7,9,21,2015,404,69518
0,454,19,98,5,46,2008,353,86144
0,996,25,84,9,27,2011,441,41376
0,888,35,76,1,34,2019,529,15945
0,780,4,76,2,21,2016,328,20031
0,175,15,67,8,31,2018,543,81191
0,283,2,21,4,20,2008,301,73459
0,955,15,71,7,49,2009,446,4498
0,552,24,60,0,32,1995,447,38827
0,543,27,29,4,28,1999,517,29428
0,773,27,56,3,20,1996,531,125312
0,174,17,89,6,30,2019,331,25539
0,116,47,85,1,35,2006,578,22830
0,880,17,60,5,39,2005,598,139150
0,127,3,67,9,48,2008,354,94583
0,253,23,74,3,33,1994,320,120242
0,860,4,55,10,39,2009,445,131628
0,906,18,43,10,20,2011,419,29510
0,248,43,84,6,50,2009,465,107779
0,208,26,89,5,42,2016,467,81916
0,691,30,64,3,20,2002,346,72588
0,762,18,56,6,21,2000,572,1348
0,352,36,37,6,30,2013,458,28492
0,662,4,21,7,32,2008,441,49176
0,819,12,65,7,40,1995,355,121669
0,905,7,17,10,44,2008,449,37123
0,302,24,86,0,30,1990,453,43442
0,170,39,88,0,25,1991,563,37514
0,628,41,55,5,26,2007,399,40931
0,260,33,79,8,40,1994,393,100567
0,331,20,51,10,48,2000,382,16005
0,536,2,36,8,40,1992,414,33338
0,146,7,91,0,39,1997,523,138597
0,298,37,90,0,27,2007,357,4623
0,203,45,58,2,28,1993,423,39394
0,335,14,80,10,25,2012,506,94583
0,600,5,34,0,20,2019,421,111819
0,392,13,18,4,27,2009,428,44760
0,863,42,46,2,36,1995,588,93768
0,535,15,85,8,49,2006,533,31630
0,233,21,34,1,49,1995,384,43613
0,556,2,77,4,23,2014,407,63416
0,956,13,23,7,26,2014,354,1883
0,109,35,35,3,46,2005,520,81588
0,674,18,98,0,29,1994,566,116052
0,665,43,78,1,49,2015,313,60020
0,633,15,18,8,44,1998,451,144362
0,395,37,83,7,28,2010,355,43126
0,159,1,72,8,35,2020,460,32855
0,536,2,85,4,27,2017,580,102845
0,298,1,26,8,39,2011,488,137198
0,745,7,16,10,41,1998,538,47727
0,744,41,44,9,50,2008,417,76232
0,591,14,83,0,36,1993,515,21264
0,470,23,88,1,32,2008,322,82085
0,546,18,55,4,32,2015,598,70619
0,838,47,93,9,33,2013,369,7442
0,805,14,71,5,24,2015,354,116639
0,639,44,47,1,44,2019,555,92295
0,761,8,95,8,20,2006,407,65836
0,870,26,41,9,26,1992,339,44498
0,759,21,96,1,33,2011,592,78752
0,317,29,87,9,35,2017,422,52451
0,765,45,93,7,23,2005,496,106745
0,715,24,75,2,50,2017,393,83402
0,494,32,66,5,37,2005,430,22263
0,139,15,24,5,45,2017,535,54645
0,191,48,62,0,49,1999,476,19527
0,844,41,100,1,33,2011,592,51050
0,515,20,79,9,45,1999,549,30532
0,204,35,83,3,38,1999,516,11285
0,837,23,38,6,20,1990,528,112842
0,871,15,60,9,24,2013,403,5281
0,531,4,5,4,49,2001,362,94408
0,365,29,75,7,31,2007,449,122929
0,327,13,31,7,37,2019,331,37989
0,276,36,66,7,35,2010,318,119541
0,355,21,63,2,37,2019,317,24870
0,494,37,98,10,27,2010,423,35423
0,367,9,78,2,49,2018,404,148046
0,698,23,96,7,32,1999,500,61518
0,297,24,98,9,50,1995,546,43422
0,262,44,45,5,27,1998,356,143797
0,223,29,85,8,41,2014,506,30846
0,740,29,82,4,23,2014,369,43099
0,232,27,100,9,45,2000,583,117538
0,539,8,78,6,39,2009,321,56336
0,472,16,21,4,38,2012,586,94103
0,659,7,50,2,43,2009,345,141103
0,169,22,29,3,33,2007,546,53471
0,452,13,43,5,49,1998,578,148793
0,497,33,80,7,28,1995,571,110757
0,941,8,61,10,37,2013,484,1323
0,525,25,38,6,45,2013,469,143727
0,478,3,53,9,33,2012,482,143841
0,433,18,40,10,46,2000,372,107788
0,938,36,92,1,36,2001,484,54267
0,179,19,99,8,20,2002,565,87378
0,627,26,64,0,31,2015,491,64001
0,834,17,64,2,24,2001,363,131290
0,397,26,39,6,45,2009,357,138041
0,927,3,28,9,27,1994,536,52744
0,346,13,86,10,30,1996,446,106164
0,597,33,88,7,41,1992,369,122129
0,346,24,96,0,26,1999,368,80194
0,486,45,75,7,25,1993,313,98370
0,993,39,66,5,38,2011,577,100653
0,368,21,69,9,48,2006,352,52814
0,333,19,83,4,33,2003,370,105225
0,854,31,64,0,29,1990,447,141597
0,792,33,91,2,22,2009,402,58175
0,557,5,71,3,40,2002,431,52979
0,947,12,31,3,38,2019,465,142611
0,639,31,63,1,44,2019,404,78948
0,913,44,64,5,31,1994,480,124513
0,417,45,67,2,34,2016,498,38497
0,638,9,52,7,25,2011,550,65633
0,675,10,85,9,25,1998,518,61461
0,913,39,55,1,49,2011,451,49499
0,748,34,90,6,21,2002,446,6511
0,702,9,91,5,43,2001,575,98922
0,189,27,86,7,22,1998,383,113754
0,726,49,56,2,46,2017,345,86838
0,283,36,40,3,29,1991,388,119383
0,931,29,64,10,48,1993,592,37294
0,607,38,83,4,31,1990,557,5507
0,656,19,76,5,21,2005,358,29584
0,530,44,72,9,21,2015,596,120498
0,765,15,70,5,20,2006,415,68401
0,764,9,54,10,46,2003,493,41187
0,346,5,47,9,30,2010,430,39563
0,452,12,37,5,26,1996,459,54507
0,538,20,99,6,39,2015,569,46747
0,649,38,86,10,48,1992,559,29024
0,156,24,84,4,22,1999,426,115175
1,466,17,57,4,22,2005,512,9509
0,264,48,93,2,20,2009,442,62238
0,925,7,45,1,22,2006,505,14911
0,182,17,89,2,28,1996,392,93675
0,740,31,81,0,49,2013,306,49470
0,487,13,94,8,26,1995,492,147736
0,630,10,10,0,28,2010,393,85854
0,292,25,85,10,41,2007,547,113823
0,497,6,80,4,48,2016,414,70162
0,260,14,87,3,26,2003,402,14503
0,563,11,43,6,41,1994,480,145950
0,218,5,30,2,25,2015,326,117558
0,992,4,95,6,40,2013,374,36357
0,944,6,55,5,31,2003,308,148993
0,595,31,78,0,48,2010,529,104846
0,892,41,83,1,37,2012,301,142633
0,372,34,37,6,37,1996,506,44568
0,964,38,91,1,28,1999,353,1495
0,311,30,47,4,38,2020,546,141754
0,544,28,59,6,38,1994,591,58933
0,413,38,92,8,42,2014,454,52207
0,367,39,71,1,35,2001,456,131471
0,162,45,52,1,50,2020,467,67073
0,415,17,30,7,26,1993,342,21727
0,805,19,72,4,28,1997,351,21190
0,845,50,94,6,28,1993,587,24679
0,566,13,94,5,41,1997,485,45991
0,543,5,29,7,31,2000,532,12638
0,890,20,34,6,36,2006,550,93449
0,165,3,29,5,29,2006,500,24709
0,227,31,62,2,28,2003,374,82088
0,300,41,82,10,26,2015,544,106079
0,441,42,67,1,31,2001,360,95703
0,186,31,86,0,49,2002,546,119007
0,458,22,83,5,31,2002,593,72410
0,461,31,53,3,28,2016,518,93394
0,946,17,65,5,22,2004,386,109746
0,859,48,57,1,28,2002,332,147141
0,686,28,100,6,25,2020,343,49203
0,245,42,47,5,38,2009,424,110938
0,173,40,70,9,30,1995,372,48596
0,141,42,52,1,42,2013,516,86913
0,922,31,34,9,26,2005,533,111844
0,308,41,79,5,33,1996,337,60268
0,517,19,55,10,25,1994,554,88654
0,287,9,24,0,23,2014,386,5671
0,707,17,80,3,32,1991,527,26309
0,655,2,73,7,30,2017,485,18557
0,434,9,57,7,38,1996,600,133899
0,313,44,86,10,28,2010,340,144405
0,924,38,55,7,42,2018,509,128583
0,290,44,85,6,48,1999,308,26133
0,961,34,63,9,26,2005,533,70049
0,136,39,52,5,37,2005,431,32498
0,183,31,74,9,23,2009,316,67798
0,800,34,69,2,29,2006,496,146100
0,747,27,51,9,23,2004,367,63580
0,762,29,76,6,43,2015,578,55696
0,477,22,57,1,20,2010,426,1533
0,856,5,43,10,20,1993,415,25279
0,224,22,39,6,32,2010,334,116692
0,246,50,100,5,33,2020,422,31849
0,334,1,43,4,26,1990,549,129424
0,337,33,67,4,27,2003,439,40366
0,233,2,3,9,32,1990,376,55177
0,197,43,78,7,20,2018,505,66453
0,854,6,88,8,25,2011,310,101312
0,697,32,95,3,33,1999,379,147228
0,436,16,29,6,42,1999,554,4941
0,930,9,34,7,40,1993,428,138837
0,739,44,84,3,40,2009,494,75833
0,410,37,57,7,29,1994,580,99692
0,679,26,72,4,36,2011,468,52853
0,340,37,80,5,22,1992,351,87848
0,746,50,76,7,35,2016,511,34479
0,265,3,54,7,47,2000,306,134145
0,398,40,81,9,43,2019,514,86031
0,437,30,79,5,45,2011,572,86790
0,224,25,68,8,30,1994,334,13844
0,719,32,42,9,33,2014,545,117290
0,536,37,46,10,38,2004,563,15073
0,523,49,85,0,37,2016,485,66755
0,863,41,86,5,46,2019,301,68892
0,568,33,47,4,37,1996,482,74971
0,599,35,88,4,33,2020,558,8960
0,120,35,89,10,24,2005,537,111897
0,242,15,88,7,36,1990,429,12859
0,922,46,93,6,48,1990,305,70441
0,794,14,58,8,39,2014,510,2361
0,185,40,96,9,48,2004,315,17905
0,856,38,71,0,48,2017,466,48126
0,765,29,60,5,36,1996,413,119310
0,858,49,49,3,28,1991,513,128179
0,385,30,82,3,26,2005,345,115955
0,599,21,79,3,24,1991,456,110038
0,534,3,41,6,50,1994,401,122977
0,751,5,78,7,40,2020,364,35281
0,995,14,89,3,21,1995,570,30115
0,600,15,29,7,49,2020,518,84109
0,990,12,35,0,22,2001,320,19724
0,689,7,14,2,38,2011,527,113560
0,450,23,78,9,22,2011,598,41329
0,135,12,34,7,32,2003,346,36357
0,707,12,60,1,28,2007,570,143767
0,579,36,69,7,33,2003,585,30040
0,572,49,61,3,42,2004,456,146437
0,997,29,96,5,42,2012,495,9460
0,841,29,85,7,38,2016,540,98057
0,942,48,57,9,48,1998,362,110488
0,737,34,66,6,48,1991,428,102571
0,757,11,64,8,34,2013,569,85857
0,713,26,95,7,28,1997,534,130740
0,848,9,47,4,36,2017,506,6717
0,616,17,55,3,43,1998,432,55595
0,548,41,68,3,50,2010,541,4926
0,445,11,22,2,29,2001,390,22362
0,138,31,97,8,26,2018,494,91815
0,666,49,63,2,42,1990,530,6323
0,868,42,43,2,27,2006,523,90827
0,174,25,67,9,31,2000,500,119299
0,160,27,57,8,25,2017,442,53066
0,260,34,58,7,22,2003,427,68531
1,436,30,100,3,28,2005,544,57961
0,376,21,42,5,50,2010,517,63019
0,743,8,37,4,28,2017,339,126248
0,127,11,65,0,23,2020,342,76141
0,465,27,83,7,28,2007,549,98789
0,311,34,59,0,24,2010,440,140190
1,416,32,78,0,27,2006,528,14041
0,598,38,80,5,37,1995,500,94526
0,410,11,98,2,23,2017,415,143186
0,571,24,58,7,23,2014,496,90360
0,315,43,74,5,43,2008,430,127984
0,563,6,50,7,32,1996,502,41086
0,787,2,18,1,40,2019,469,88787
0,388,3,72,9,35,1999,374,79842
0,604,9,80,9,41,2015,579,113846
0,661,33,75,3,22,1993,517,114417
0,443,19,53,4,43,1994,411,54935
0,393,4,97,10,44,1994,391,8030
0,333,7,52,7,21,2016,389,88300
0,864,21,67,5,23,2009,410,128577
0,525,20,37,1,27,2011,304,149281
0,191,45,67,5,35,2016,576,83198
0,779,13,51,6,41,1994,558,7301
0,447,41,95,10,39,1994,300,139511
0,837,1,11,6,33,2005,436,108065
0,429,23,63,9,38,1992,582,107280
0,895,4,36,0,50,2008,584,28467
0,676,3,55,6,38,1994,361,145409
0,743,31,33,8,35,1996,455,29113
0,672,12,42,2,43,2011,456,77902
0,299,20,77,6,38,1996,370,90596
0,712,44,76,6,30,2005,564,80747
0,873,39,69,3,20,1992,593,63286
0,519,34,74,10,43,1997,596,14732
0,129,12,19,9,46,1991,369,134
0,479,27,42,7,46,2004,342,63176
0,266,37,84,10,49,1996,509,8485
0,512,50,65,2,21,2011,322,34196
0,704,4,70,6,37,1990,501,94840
0,293,40,73,6,30,2004,538,139987
0,835,34,36,7,29,1991,543,116445
0,446,8,47,2,21,2017,437,40294
0,284,4,53,6,33,2016,328,47124
0,661,21,85,2,36,2015,586,115458
0,430,40,61,7,23,2005,441,127675
0,139,38,63,3,44,1994,385,64059
0,471,36,40,7,31,2008,305,66661
0,915,50,68,10,23,2009,573,124315
0,765,48,53,4,23,2016,416,33866
0,955,27,54,0,44,1996,474,75103
0,153,32,76,8,43,2006,388,80011
0,213,31,49,4,25,2002,338,100534
0,504,40,100,3,21,1991,510,95172
0,561,7,89,0,40,2003,489,100192
0,582,33,100,9,38,2017,390,33408
0,898,31,72,10,31,2013,341,19083
0,312,2,76,0,28,1994,375,48334
0,261,6,15,10,33,1993,528,71008
0,579,9,79,1,34,2014,465,102089
0,428,9,99,4,50,2002,396,19272
0,431,48,100,3,28,1996,455,135817
0,904,46,81,4,27,2000,474,132112
0,478,11,15,0,32,2000,351,84429
0,777,25,59,2,23,2012,494,145642
0,701,7,26,7,36,2016,511,122464
0,375,35,81,6,48,2016,398,24657
0,436,30,58,1,50,2000,462,63555
0,256,14,16,3,36,2020,300,18092
1,736,36,76,4,29,2020,466,78970
0,496,40,92,10,43,2013,596,65437
0,200,7,58,10,40,2019,564,89065
0,893,48,88,9,43,2015,348,16625
0,114,47,80,8,36,2016,446,69806
0,849,40,70,3,37,2017,491,124918
0,378,10,22,6,35,2011,430,7341
0,866,1,45,5,30,1999,388,42779
0,514,50,56,5,40,2000,469,20240
0,806,42,89,1,46,2011,570,106656
0,429,9,28,2,48,2019,324,108275
0,915,34,82,7,33,2005,494,135791
0,176,27,56,1,22,2009,463,63475
0,122,50,75,6,27,2004,439,110958
0,310,9,97,8,37,1993,560,8295
0,215,4,11,7,34,1993,363,96125
0,893,9,9,1,32,2012,352,81671
0,936,43,64,10,36,2019,397,64907
0,476,9,100,9,32,1995,309,45966
0,708,31,69,5,34,2011,361,84141
0,889,12,47,8,43,1996,374,50293
0,540,11,56,3,31,1995,555,73670
0,215,22,54,8,37,2018,462,44480
0,114,17,36,8,49,1996,522,81111
0,921,30,36,3,46,2013,527,130529
0,430,11,25,0,28,2017,521,47043
0,792,13,79,2,38,2017,591,121607
0,362,2,96,10,31,2010,383,62353
0,329,8,74,4,39,2012,515,73605
0,735,22,53,9,30,1991,523,23905
0,649,45,100,7,25,2014,574,126758
0,758,49,98,3,26,2015,443,47665
0,935,12,19,8,33,2001,497,54566
0,854,42,48,8,23,1992,382,113025
0,594,40,86,2,33,2019,520,35641
0,126,34,79,9,48,2002,435,55720
0,345,36,81,9,26,1992,323,97687
0,726,34,45,2,23,1994,334,85461
0,370,42,68,4,50,2004,469,947
0,233,33,95,4,49,1999,535,49549
0,812,17,79,4,50,1993,375,29865
0,540,20,90,0,27,1995,304,93776
0,324,22,59,5,33,2020,575,133143
0,338,28,98,3,25,1998,449,119062
0,784,23,69,9,27,2015,539,62761
0,271,20,65,7,41,1992,441,60334
0,497,47,98,1,42,2002,378,22906
0,564,8,8,4,28,2014,493,54659
0,504,48,83,0,39,1998,486,104944
1,521,10,63,5,29,2003,513,61604
0,897,10,21,3,32,1998,329,113768
0,726,32,63,1,41,2013,435,70067
0,144,26,91,0,48,1995,416,37700
0,964,43,78,7,42,1996,542,149229
0,480,42,50,1,38,1998,555,47456
0,411,39,48,5,21,2001,518,89662
0,604,29,66,10,45,1991,531,111212
0,291,42,84,3,38,2010,562,32068
0,890,21,80,9,27,2007,599,17485
0,526,29,91,0,39,2017,538,64876
0,954,4,19,4,34,2006,364,75171
0,269,45,62,10,39,2016,460,888
0,241,25,83,8,24,2005,413,105052
0,763,9,22,9,31,2010,389,87873
0,909,24,97,9,30,2015,499,47912
0,956,40,41,10,37,2017,345,61935
0,287,15,91,4,36,1994,456,8524
0,154,19,68,0,35,1990,333,119508
0,379,24,57,1,32,1997,344,11043
0,148,8,24,10,46,2016,571,46788
0,532,34,54,8,46,2009,355,81875
0,581,9,29,2,24,1997,300,145976
0,559,11,91,0,44,2006,468,77864
0,276,42,89,3,42,2002,393,146559
0,698,46,60,2,24,1998,326,14432
0,905,19,100,0,40,1998,540,125898
0,857,30,70,5,49,1999,377,86993
0,897,40,67,8,26,1996,567,121208
1,981,22,73,0,27,2005,550,3689
0,179,21,90,9,49,1991,507,133817
0,883,42,76,4,37,2011,414,57298
0,318,23,43,5,36,2010,387,106990
0,275,21,80,2,44,2006,520,14854
0,283,10,96,2,26,2008,477,149996
0,984,2,86,7,43,2005,556,14846
0,606,8,38,3,27,2000,502,147665
0,968,12,20,5,42,2012,321,12905
0,567,20,28,6,37,2017,513,37437
0,572,15,76,5,22,2014,333,59568
0,942,44,65,0,47,1999,358,144286
0,733,16,85,5,46,2001,538,13276
0,590,17,23,2,47,2013,329,87350
0,994,1,72,5,48,2002,464,134755
0,138,2,37,8,37,2014,321,65287
0,526,8,78,9,33,2005,386,65216
0,756,40,42,6,23,2004,444,54527
0,965,11,75,2,37,2001,439,92159
0,315,29,61,5,41,2014,334,77773
0,838,26,36,8,47,2011,376,111587
0,904,32,77,6,29,2008,480,37561
0,641,49,96,9,36,2000,342,112203
0,242,21,84,9,45,2016,485,103560
0,556,19,62,7,24,1990,315,9226
0,642,28,77,1,28,2018,349,98606
0,710,18,76,1,44,2002,380,92030
0,433,47,89,4,46,1993,347,118302
0,503,12,88,9,20,2015,309,95448
0,441,47,48,0,20,1998,509,98295
0,834,22,95,10,33,2007,446,100078
0,178,40,86,6,32,2014,348,3051
0,910,45,49,6,36,2001,529,475
0,195,40,43,4,35,1993,530,54567
0,751,44,89,7,45,2017,420,122574
0,554,47,82,3,38,1995,346,68980
0,233,40,41,2,39,2011,523,74586
0,996,18,36,8,24,1994,503,115775
0,815,31,53,7,32,1993,500,35666
0,213,26,58,4,48,2009,333,14427
0,584,47,70,3,39,2012,458,39527
0,320,35,61,8,47,2019,309,67142
0,242,39,99,1,29,2010,338,133367
0,417,28,74,9,29,2015,543,29271
0,679,25,28,10,32,1991,532,12046
0,866,14,94,8,21,1996,496,116115
0,864,26,41,1,23,2012,338,125040
0,715,39,64,2,42,1995,531,99801
0,822,50,58,2,37,2018,500,9577
0,173,40,84,7,25,1996,572,31380
0,278,31,54,8,42,2004,370,30450
0,189,30,46,3,30,2003,402,19617
0,116,30,31,2,30,2011,512,61258
0,837,41,45,1,40,1991,550,80643
0,976,4,15,3,26,1993,487,58459
0,652,13,44,6,33,2011,397,93773
0,514,46,68,0,25,2000,486,127502
0,349,25,31,8,26,1994,446,40025
0,128,39,87,9,35,2010,388,92862
0,534,2,89,4,46,2005,556,28493
0,452,1,58,0,45,1996,416,69617
0,685,22,76,9,46,2015,429,14424
0,549,2,24,3,47,2018,312,84209
0,371,12,32,2,44,2004,446,21370
0,450,41,41,1,41,2011,323,110848
0,871,36,68,9,36,2004,499,132465
0,573,41,56,8,48,1995,579,9808
0,139,48,62,9,31,2016,594,72622
0,213,40,64,2,29,1996,351,92475
0,892,48,95,5,26,2015,352,95413
0,762,46,52,9,34,2020,465,60432
0,221,6,80,2,49,2006,552,107366
0,861,33,63,5,33,1994,465,47643
0,246,36,45,8,22,2005,583,125763
0,402,19,28,8,34,1993,590,96858
0,820,2,22,3,40,2005,465,48405
0,886,1,57,8,25,1993,357,51405
0,214,11,91,10,25,1996,410,129553
0,755,13,16,8,25,2014,482,137030
0,340,17,53,4,30,2013,399,48964
0,255,30,86,3,22,2004,552,147261
0,277,48,73,2,33,1992,338,46005
0,227,3,40,9,40,1993,536,42478
0,889,35,73,3,46,2009,399,89539
0,999,34,68,3,37,1997,502,5861
0,637,40,77,0,35,1997,576,122932
0,521,38,51,3,29,1993,527,11649
0,820,7,18,4,50,1994,466,9376
0,234,50,67,5,25,2015,303,35790
0,834,2,8,8,35,2012,547,66733
0,999,3,68,3,42,1991,399,17455
0,863,31,53,4,39,2017,315,84627
0,282,8,17,9,29,2020,476,146468
0,895,2,31,10,45,1998,563,72055
0,281,21,63,7,47,2000,381,37077
0,822,5,31,7,23,2011,507,131105
0,444,41,95,1,40,2015,563,95585
0,520,32,84,5,24,2007,590,97918
0,149,23,58,0,49,2019,443,23177
0,849,13,97,7,23,1995,394,44107
0,428,43,51,9,44,1996,361,105303
0,463,49,53,10,45,1998,401,108790
0,699,16,84,0,49,1996,310,149711
0,807,33,86,9,22,1995,385,52125
0,498,26,91,10,48,2018,325,41080
0,516,26,39,0,47,2006,562,105824
0,189,25,67,4,50,2004,550,137752
0,630,28,77,9,27,2004,324,45268
0,944,8,51,8,37,2008,411,64161
0,132,47,74,7,40,1991,532,75393
0,455,1,42,7,28,2001,384,121256
0,599,36,73,10,32,2001,369,95547
0,681,29,74,10,27,1992,393,3724
0,954,6,59,4,38,2012,432,33057
0,739,14,38,1,35,2000,338,9305
0,225,47,90,6,40,2002,545,20594
0,477,5,26,8,26,2015,454,33310
0,821,3,37,9,26,2000,342,40930
0,501,24,97,7,33,2001,307,26403
0,597,35,53,3,45,2010,487,144560
0,704,40,87,6,21,2003,353,142550
0,157,28,81,6,50,2007,463,24393
0,960,36,66,6,46,2008,520,30578
0,729,4,90,0,22,2016,450,141887
0,751,8,9,8,40,1999,510,6573
0,702,39,61,5,40,2017,397,10047
0,236,9,29,3,23,1996,404,6572
0,205,31,96,10,23,1997,400,46818
0,495,29,46,1,25,1998,553,80876
0,980,43,77,9,31,2014,528,52534
0,933,27,58,8,34,2012,303,70809
0,927,28,37,4,36,2000,330,41747
0,534,2,38,2,42,1994,395,138408
0,839,7,79,6,25,1999,534,110548
0,805,36,85,2,24,1990,546,96201
0,356,15,100,10,24,2002,460,33431
0,930,28,59,0,48,2004,438,106737
0,796,29,53,9,41,2020,576,24133
0,587,33,70,5,37,1998,457,72783
0,741,46,84,0,45,1998,364,98214
0,633,28,35,0,20,2006,347,126153
0,954,35,66,0,46,1996,429,35397
1,287,45,82,1,20,2020,534,16155
0,126,29,84,8,49,1993,440,124922
0,829,5,77,8,39,2015,566,116064
0,434,25,51,6,23,1991,360,134800
0,477,37,99,5,23,2013,389,114874
0,283,43,46,0,48,2007,566,101091
1,598,35,99,2,27,2016,576,16082
0,482,45,77,5,27,1999,350,149842
0,946,30,61,8,31,1996,371,75471
0,178,12,33,9,28,2000,354,82318
0,299,2,41,10,35,2017,404,109949
0,967,46,76,5,36,1998,502,80059
0,769,47,84,6,44,2014,500,123714
0,579,37,78,4,47,2003,591,99712
0,457,39,84,8,27,2019,457,42468
0,479,30,61,0,22,1992,456,116230
0,245,17,20,9,24,2000,472,13044
0,796,42,97,1,40,2017,327,149858
0,879,16,99,7,26,1991,597,98812
0,691,21,66,7,40,2013,468,113837
0,473,33,97,10,30,2002,421,60178
0,616,18,45,5,28,1994,432,24832
0,333,4,11,6,24,1998,506,144349
0,389,50,70,8,47,2019,403,70465
0,649,34,72,1,45,1997,409,143350
0,463,47,50,10,49,2000,451,25234
0,411,11,66,8,20,2014,441,1913
0,358,35,99,1,22,2019,485,88093
0,948,47,83,5,42,2018,349,89743
0,829,1,27,0,44,2016,446,111222
0,907,19,54,8,35,2001,490,141963
0,987,49,58,10,42,1996,478,127723
0,471,45,45,10,45,2010,590,63829
0,330,13,45,8,47,2008,460,126315
0,578,48,70,1,28,1996,308,18285
0,645,18,67,4,34,1992,417,139717
0,846,14,73,10,46,2003,428,135880
0,908,49,81,2,40,1999,419,137730
0,727,21,69,2,41,2004,587,93279
0,750,2,12,1,33,2012,461,28525
0,340,16,26,6,22,1995,520,112516
0,263,33,49,0,28,2020,304,116892
0,238,10,59,4,27,1999,511,33898
0,372,44,70,0,20,2010,377,132677
0,487,24,60,3,48,2006,442,51388
0,713,4,95,1,20,2010,444,36028
0,984,1,53,1,38,1997,577,88748
0,134,38,42,8,37,1990,586,24247
0,592,25,55,3,42,2005,578,9054
0,351,12,18,5,45,1995,403,34580
0,175,9,36,0,38,2009,494,115059
0,610,25,25,0,46,2015,457,97464
0,585,33,97,2,31,2015,340,31166
0,720,5,92,3,37,2004,480,109657
0,700,28,74,5,50,2020,547,128947
0,553,44,85,4,34,1992,356,91288
0,298,49,80,3,47,2020,529,92535
0,349,38,100,3,24,1992,408,107645
0,944,19,85,3,37,1998,502,128225
1,227,5,75,3,28,2015,582,49984
0,243,21,73,1,35,1998,370,27987
0,431,41,61,6,38,2007,305,41820
0,595,46,92,3,23,2014,327,17790
0,370,23,38,9,24,2017,334,146955
0,718,26,57,6,48,2019,337,113976
0,549,2,26,4,38,2005,501,31920
0,953,34,65,2,42,2003,449,11570
0,183,41,42,2,35,2019,431,7890
0,316,3,3,5,36,1996,322,118228
0,625,22,45,5,20,1998,485,105128
0,832,4,95,1,37,2013,397,140843
0,381,18,72,1,23,2013,411,80123
0,893,30,31,5,41,2003,563,22497
0,633,26,32,7,49,2007,327,15484
0,361,49,97,2,42,2017,397,12640
0,754,45,59,5,37,2015,300,10557
0,391,49,93,8,28,2014,402,54460
1,234,18,63,2,22,2001,529,79165
0,566,7,89,8,36,2013,427,138336
0,832,19,33,6,37,2007,416,96178
0,364,4,87,6,28,2018,553,26486
0,434,31,88,6,32,2017,320,90069
0,335,9,61,6,45,2020,517,93993
0,444,38,53,7,49,2015,561,136235
0,437,50,64,2,41,2005,371,26806
0,476,20,33,2,22,2013,394,113529
0,228,18,54,3,37,2008,451,14994
0,182,24,92,9,38,2014,343,114354
0,754,8,90,6,45,2008,551,96632
0,512,41,67,5,44,2012,360,71827
0,105,14,60,10,41,2001,589,144588
0,144,33,66,8,25,2017,461,97737
0,339,4,34,5,25,1990,551,45523
0,264,25,74,6,36,2011,470,16583
0,536,16,25,2,46,2014,375,21719
0,654,8,41,10,43,2017,486,141016
0,940,41,87,7,25,1997,407,14590
0,628,40,98,9,28,2000,406,43201
0,746,50,96,3,43,1998,365,123895
0,109,4,17,10,23,2002,384,134063
0,686,29,45,8,36,2013,543,41658
0,488,2,90,1,41,2011,333,83306
0,503,27,35,1,45,2020,571,28764
0,574,49,81,6,50,2006,405,132162
0,534,26,39,6,48,1997,537,59216
0,769,22,40,0,34,2010,562,65945
0,531,4,59,7,42,2017,408,52630
0,988,48,61,8,23,1998,343,6129
0,308,14,59,3,27,1996,346,121898
0,732,12,26,9,37,1994,583,17437
0,586,10,16,2,42,2011,316,46929
0,634,15,59,8,49,2000,494,144437
0,535,3,4,9,29,1992,379,61347
0,547,14,29,0,42,1993,576,121311
0,254,9,71,0,27,2016,355,101320
0,516,12,97,4,44,1991,476,137492
0,675,31,72,8,37,2009,454,1497
0,167,35,71,8,50,2018,383,35651
0,210,21,79,3,27,1997,572,143050
0,929,20,86,9,24,2006,392,112380
0,103,24,39,9,50,2013,450,141950
0,295,11,54,2,38,2010,596,111687
0,225,2,8,3,46,1992,407,16079
0,259,27,77,10,33,1998,381,134262
0,492,42,94,0,36,2013,355,124367
0,159,40,87,9,40,2020,564,34409
0,739,33,67,3,42,2016,515,132144
0,108,3,83,4,50,2000,569,126156
0,391,31,55,5,38,1990,381,40156
0,120,34,50,5,23,2009,309,95261
0,564,26,89,3,48,2015,420,6543
0,975,38,56,4,30,2001,509,149161
0,958,9,94,3,29,2006,305,121451
0,943,16,44,3,44,2016,571,82760
0,886,4,9,3,21,1996,456,65659
0,102,25,33,2,42,2007,585,22839
0,433,43,68,8,42,2015,398,121140
0,677,38,44,7,33,2003,557,63342
0,463,10,93,1,37,2020,443,11876
0,502,41,48,3,23,2003,478,99067
0,980,11,67,4,24,1990,499,39524
0,268,47,52,1,32,2011,459,145411
0,597,31,36,2,30,2018,427,24422
0,279,13,55,1,38,1991,498,139844
0,960,38,66,1,37,1991,583,145929
0,601,26,87,0,39,1997,489,106458
0,394,12,51,5,33,1999,547,144368
0,241,13,13,6,30,2007,410,27426
0,559,44,77,9,37,2000,588,66494
0,350,6,20,0,38,1998,580,125774
0,837,33,90,1,38,1993,305,10896
0,235,6,78,10,38,1995,566,19926
0,710,4,44,6,38,2018,409,17340
0,187,9,56,1,20,2018,512,54011
0,673,14,30,10,38,2014,324,50975
0,350,49,88,1,45,2014,584,143567
0,173,45,73,1,26,2012,421,63078
0,824,35,69,5,50,2009,381,7065
0,457,11,46,10,23,2006,510,23279
0,959,33,67,2,33,2019,472,139205
0,637,50,70,8,41,2014,568,8188
0,416,13,83,3,22,1991,333,108184
0,804,31,67,6,40,2017,573,67281
0,966,23,100,6,30,2018,554,7810
0,442,31,86,6,24,2005,598,98302
0,720,9,70,6,46,2015,556,56901
0,545,42,60,5,46,1993,596,131715
0,589,28,100,7,25,2011,568,74871
0,146,37,61,10,20,2001,396,114004
0,156,13,66,4,22,2014,414,132797
0,681,14,47,10,31,2009,460,30473
0,858,24,27,6,36,1996,391,116284
1,247,27,96,0,29,2002,557,75839
0,217,21,40,7,44,1998,481,49034
0,758,5,57,7,23,1994,325,114499
0,167,4,21,1,31,1992,521,57777
1,305,49,54,3,23,2006,590,8757
0,905,13,51,8,38,2011,480,92160
0,410,8,46,9,44,2009,370,49855
0,449,37,50,4,39,2012,542,32869
0,735,47,69,8,46,1996,446,23373
0,411,22,67,0,43,1993,441,90924
0,318,12,60,3,37,2019,384,48484
0,769,9,26,8,21,2004,393,1146
0,416,23,35,3,30,1992,476,70290
0,742,32,60,8,22,1990,543,125108
1,269,44,61,0,29,2003,561,75858
0,162,18,96,6,46,2005,396,144646
0,320,18,96,3,31,2007,452,106369
0,428,15,51,3,49,2002,435,137013
0,302,47,93,4,28,1997,594,137444
0,638,4,76,6,28,2020,308,27514
0,637,3,19,0,32,1992,549,82178
0,797,40,53,9,40,1993,360,125963
0,745,37,86,0,37,1995,565,92713
0,584,39,69,8,20,1999,332,64016
0,292,49,82,0,50,2001,374,64678
0,457,23,59,10,23,2003,394,101876
0,552,40,45,3,50,1996,409,48322
0,281,33,72,5,44,2019,569,107819
0,188,45,80,2,48,1998,310,51086
0,976,22,97,6,21,2011,505,90797
0,994,50,96,2,39,2016,455,99191
0,352,39,42,6,26,1992,573,79317
0,263,5,32,3,31,2011,479,56414
0,602,50,65,4,30,2003,383,126460
0,913,43,58,3,33,1998,330,11499
0,285,22,75,2,26,2000,331,61588
0,704,15,81,5,43,2014,471,121112
0,580,49,68,4,31,1997,530,126375
0,612,16,88,6,33,1997,324,128630
0,508,34,79,2,45,2013,551,101161
0,825,5,47,4,43,1991,560,134175
0,951,28,89,2,46,1993,339,138415
0,541,50,86,1,25,2014,455,132544
0,267,25,91,10,48,2009,471,5492
0,181,3,62,9,21,2005,597,51781
0,820,48,100,6,44,2020,568,105998
0,834,11,74,4,34,2020,453,147206
0,875,26,47,5,42,1993,410,32937
0,310,48,83,8,34,1999,504,113191
0,420,50,84,4,25,1991,484,133510
0,970,16,80,4,32,1997,336,96616
0,373,12,31,7,22,1991,464,25864
0,159,41,98,7,23,2003,510,112986
0,109,38,55,5,50,2016,481,43191
0,575,35,74,4,44,1996,488,6710
0,335,15,64,10,40,2002,345,135013
0,756,41,92,9,41,2015,332,129446
0,241,47,77,5,47,2002,308,94259
0,802,42,67,8,28,2020,450,135074
0,677,5,25,7,20,2020,487,136803
0,325,37,50,0,20,2013,580,41057
0,286,38,84,1,33,2009,357,43194
0,997,24,27,9,21,2000,521,115253
0,545,24,80,7,25,1996,477,139473
0,526,15,23,2,43,2000,455,124668
0,178,48,58,8,31,1997,422,148318
0,776,44,81,4,47,2020,573,113975
0,352,31,68,0,38,2003,513,123906
0,925,37,95,6,41,1995,350,82810
0,703,43,68,8,39,1997,518,78750
0,952,34,98,5,27,1994,472,79090
0,195,46,55,3,35,1990,429,106993
0,847,35,44,0,38,2020,577,130214
0,984,49,87,7,20,1994,509,107623
0,341,6,33,8,21,2013,315,87374
0,520,6,26,3,26,2000,545,110415
0,237,10,66,8,44,1991,421,97228
0,572,45,81,3,41,2002,482,24099
0,148,24,35,7,26,2014,505,101251
0,495,18,90,6,31,2015,532,58870
0,556,10,19,7,36,2019,536,111390
0,761,41,48,0,30,2016,531,115079
0,401,17,85,3,32,2020,585,149468
0,492,14,22,3,47,2007,520,21748
0,730,26,74,9,44,1996,538,67035
0,475,35,61,3,29,2019,313,118734
0,938,22,24,8,47,1992,510,66719
0,460,6,71,0,43,1997,370,101607
0,455,25,87,4,37,1999,454,119969
0,977,28,90,8,37,2017,380,115718
0,144,2,86,2,28,2009,545,5439
0,757,19,40,1,32,2007,578,59368
0,800,2,42,4,21,2011,487,13502
0,456,18,30,4,40,2015,324,121262
0,806,20,99,8,34,2005,371,125485
0,420,16,19,5,38,2018,367,100750
0,144,41,63,8,32,2010,345,41108
0,327,39,89,9,35,1997,466,103987
0,359,36,79,0,49,2016,417,67397
0,186,31,75,7,27,2017,369,135105
0,582,32,80,7,35,2008,498,43489
0,466,14,22,1,20,2005,326,98081
0,232,8,46,2,32,2003,369,26671
0,876,6,87,4,27,1992,460,96734
0,156,5,38,2,43,2004,599,57175
0,774,34,56,0,29,2007,382,138246
0,702,12,39,5,40,2007,342,73206
0,365,5,89,10,24,2015,362,2123
0,971,16,26,6,47,2005,386,95990
0,122,44,62,6,41,1995,556,132876
0,449,16,74,0,45,2013,596,40715
0,273,31,53,8,45,2004,507,144670
0,833,34,40,0,36,2013,339,140344
0,787,7,70,4,32,2009,398,50463
0,162,38,51,9,36,2007,373,107575
0,454,21,56,10,35,2016,350,57335
0,483,3,30,8,46,1990,598,42257
0,408,10,43,10,32,1991,502,27875
0,903,48,65,3,40,2014,398,48235
0,878,15,28,1,32,1991,536,96276
0,396,45,94,4,48,2016,336,71194
0,576,44,71,5,35,1993,369,15760
0,353,14,22,7,40,2015,393,98124
0,449,33,59,0,33,1996,389,129351
0,173,37,78,9,40,2006,335,81526
0,227,42,80,5,27,2018,323,105335
0,204,4,13,2,31,1993,454,7334
0,656,26,61,7,39,2000,525,29547
0,322,29,84,3,48,1993,398,19058
0,187,10,95,9,32,1999,355,36029
0,611,14,86,8,48,1997,368,42561
0,304,25,37,7,46,2017,415,49253
1,961,35,55,2,25,2005,588,62738
0,775,22,81,3,28,1993,328,57945
0,940,6,12,3,44,1991,561,101821
0,616,4,19,4,34,1998,378,120518
0,213,46,82,8,49,1994,487,108380
0,390,10,74,6,40,1999,395,26929
0,282,24,56,6,36,2011,485,112646
0,619,33,75,8,42,2000,304,142732
0,434,16,71,9,39,2001,473,147657
0,301,23,74,9,49,1991,357,29566
0,941,34,79,7,43,1998,381,109524
0,547,48,77,0,20,2013,526,138050
0,625,31,81,6,48,1997,441,131070
0,297,28,87,1,23,2016,579,136446
0,352,38,50,9,44,2007,522,117894
0,910,38,95,4,50,2001,398,119401
0,963,39,40,9,38,2018,584,21731
0,780,16,49,9,41,1998,387,50539
0,663,24,40,7,39,2007,595,115662
0,461,48,92,7,39,1996,365,129154
0,992,14,44,5,22,1998,481,2699
0,283,39,53,0,30,2002,506,61250
0,412,7,19,10,32,2018,561,97985
0,719,28,98,1,23,2007,486,119098
0,598,44,90,10,40,2009,391,42424
0,501,18,74,6,28,2014,452,135230
0,730,6,60,7,29,1993,425,86774
0,938,25,55,10,45,2001,541,2435
0,770,43,45,10,39,2014,541,98853
0,998,44,72,8,22,1994,338,61998
0,686,4,68,10,27,2018,447,102754
0,937,2,94,8,36,2020,433,67541
0,664,17,54,4,42,2014,538,107323
0,857,16,52,0,48,2011,447,89112
0,807,12,12,10,21,2018,556,55431
0,320,7,12,9,33,2004,401,101818
0,377,27,37,2,50,1999,454,45820
0,287,50,100,0,36,2006,567,120376
0,166,6,52,5,42,2000,536,104282
0,224,30,58,5,43,2012,592,126774
0,179,11,34,1,45,2008,535,6517
0,884,3,43,3,33,2010,462,58885
0,438,48,55,8,48,2011,360,5189
0,405,12,86,6,32,2016,395,103374
0,602,40,57,0,38,1996,385,123609
0,867,49,75,5,41,1992,457,13949
0,131,26,35,7,45,1991,388,123626
0,582,32,73,1,32,1993,523,116642
0,630,19,46,9,37,2008,444,114486
0,185,50,64,5,24,2020,557,48485
0,861,44,80,0,30,2008,388,81739
0,134,9,93,10,21,2016,599,51286
0,224,18,83,2,41,2004,371,33021
0,413,19,31,3,32,2001,564,124398
0,926,46,69,0,40,1993,530,92640
0,282,12,89,2,32,1998,337,18174
0,711,49,83,0,24,2018,502,115034
0,445,5,74,7,29,2012,479,109029
0,769,5,43,8,43,2001,407,144771
0,182,40,86,1,34,2018,479,41307
0,841,42,77,9,28,1990,344,9206
0,777,7,98,7,50,2003,389,133932
0,842,29,42,9,46,2007,441,58095
0,374,25,94,3,49,1999,312,109668
0,496,18,31,3,41,2005,528,85881
0,503,40,75,0,45,2010,486,100123
0,796,28,82,4,39,1997,478,110964
0,188,3,46,10,39,1990,539,44285
0,219,47,63,6,31,1992,519,7778
0,309,47,82,4,25,2009,356,147325
0,742,3,53,9,41,1995,475,23678
1,730,48,85,4,23,2006,557,73192
0,512,9,65,0,49,2018,412,62490
0,867,50,58,8,26,2016,322,56000
0,235,19,41,1,46,2015,311,27672
0,280,10,97,6,29,1996,595,50695
0,719,24,67,0,20,1991,381,72188
0,180,4,23,7,44,2002,515,120213
0,283,20,74,3,23,2016,421,112042
0,575,3,30,3,20,2001,420,44359
0,306,12,46,5,37,2012,381,84280
0,456,47,98,5,43,2018,360,128878
0,332,22,68,6,27,2019,341,53548
0,797,28,97,7,47,1995,585,5064
0,120,41,83,1,48,1991,522,81763
0,825,16,58,7,40,1998,497,107432
0,660,49,75,10,30,1995,435,117642
1,645,30,56,0,24,2016,482,20043
0,458,28,71,2,33,2007,390,65657
0,132,41,81,0,42,2009,307,18749
0,793,25,62,1,24,1994,519,110137
0,595,10,88,5,33,1999,313,86003
0,893,13,55,6,40,2003,568,115363
0,919,47,55,2,42,1993,489,135105
0,157,43,87,3,50,2014,532,106865
0,742,40,99,4,23,2017,359,72225
1,462,40,94,0,23,2020,479,70983
0,739,9,35,7,26,1994,544,84853
0,708,38,83,4,24,1991,387,55238
0,905,46,93,6,29,1993,574,126177
0,274,30,53,1,34,2010,341,4820
0,724,13,14,3,50,1991,395,36704
1,594,3,75,0,26,2013,597,11939
0,187,47,57,9,23,2016,407,106106
0,478,28,51,2,25,1995,405,111039
0,760,34,47,5,34,1992,429,75686
0,893,29,52,2,41,2019,518,67115
0,268,6,85,3,27,2010,399,2068
0,334,41,63,9,39,2001,340,137550
0,101,48,60,2,40,2011,402,80438
0,593,10,31,6,22,1991,565,100001
0,805,20,80,5,31,2013,426,36718
0,737,38,82,4,32,2016,530,115061
0,680,34,43,9,24,2005,313,146136
0,378,34,45,4,36,2014,312,66688
0,569,38,50,6,23,2010,555,12729
0,860,41,57,6,34,2000,393,58865
0,707,7,86,6,39,2017,565,104941
0,504,21,82,7,43,1998,476,38930
0,565,46,70,4,23,1999,577,96516
0,740,48,80,10,36,2020,325,20366
0,694,35,55,7,49,2020,521,23679
0,706,5,18,3,27,2005,481,40351
0,245,15,65,4,27,2017,345,4413
0,276,19,54,1,42,1990,571,6317
0,423,11,15,10,47,2014,394,14276
0,775,26,49,3,20,1994,502,15290
0,488,38,40,2,30,1995,481,124536
0,595,47,88,2,43,1996,524,108985
0,207,38,69,1,50,2010,594,17844
0,420,39,44,3,21,2018,581,15600
0,547,21,57,5,30,1996,419,82741
0,299,43,66,3,48,2013,338,52853
0,776,28,99,4,22,2014,394,23766
0,135,38,47,1,43,2016,500,52045
0,784,3,48,6,30,1993,352,22954
0,773,19,67,9,21,1991,336,109258
0,614,5,76,8,32,1994,334,109648
0,156,26,70,2,48,2016,359,128059
0,468,2,15,8,33,2010,583,95339
0,364,24,43,3,32,2014,472,117366
0,551,49,68,9,41,2001,386,134914
0,152,31,82,2,48,2016,555,7022
0,257,20,61,6,50,2001,587,6784
0,379,13,24,3,40,2000,406,114894
0,460,40,69,9,31,1998,365,140651
0,265,30,33,8,36,2014,531,56736
0,368,21,37,9,48,2018,364,52058
0,501,49,71,3,26,2004,600,91366
0,405,5,50,6,39,2001,321,4090
0,458,41,65,2,33,2020,395,72356
0,641,28,38,5,33,1996,508,59386
0,577,16,63,4,39,1999,368,115574
0,209,25,33,5,30,1996,592,111494
0,129,16,78,7,37,1992,494,139861
0,276,5,75,7,24,1994,492,89755
0,943,8,39,10,44,2013,310,117513
0,239,15,28,9,21,2012,367,107294
0,673,42,69,0,47,2011,504,133626
0,609,42,53,1,29,1990,348,142583
0,205,40,46,6,33,2002,344,67340
0,787,43,86,4,25,2006,445,86913
0,443,28,77,1,32,1998,465,75364
0,721,21,29,8,24,2014,555,125094
0,470,19,64,7,20,2003,460,43875
0,169,8,20,2,33,2020,420,44188
0,961,9,10,8,20,1996,561,132370
0,487,28,47,9,37,2001,404,49408
0,570,1,4,7,22,2018,484,70040
0,963,30,54,4,39,1998,355,141130
0,995,30,83,10,40,1998,575,141623
0,647,46,69,3,47,2019,493,125805
0,255,17,63,8,48,2018,467,113318
0,826,48,84,5,22,1993,482,55317
0,598,6,52,7,30,2007,578,15550
0,175,20,79,0,22,1998,406,73530
0,619,41,97,2,37,2005,532,106671
0,687,30,75,0,22,2014,344,65483
0,146,5,9,1,26,2012,367,18072
0,707,14,65,3,34,1999,417,19615
0,343,23,42,6,39,2011,372,38124
0,761,49,50,1,31,2004,388,21717
0,449,19,80,4,30,2011,540,141486
0,931,2,43,0,23,2019,385,109229
1,814,48,79,2,24,2012,587,36180
0,609,45,65,7,48,1998,475,96647
0,699,5,65,2,31,1990,400,66348
0,631,1,65,8,44,2013,545,96318
0,483,36,88,3,22,1993,300,93210
0,645,41,90,7,25,2008,495,147081
0,156,8,35,3,30,2006,422,51288
0,290,45,67,9,35,2009,531,79803
0,963,32,50,6,42,2019,378,118997
0,834,45,100,2,41,1992,381,63831
0,909,6,31,2,25,2001,508,76627
0,323,30,96,1,27,2002,431,97758
0,101,47,75,0,42,1992,558,103884
0,774,34,96,8,43,2008,457,65057
0,911,26,92,1,38,2007,479,147867
0,224,2,74,1,20,2006,562,132766
0,886,4,83,5,46,1991,482,143605
0,395,42,75,9,40,1995,353,87085
0,972,49,71,10,20,2002,510,114968
0,135,19,45,4,28,1999,305,24756
1,584,35,77,0,27,2018,552,36458
0,232,27,66,4,42,1999,545,47186
0,562,43,72,4,38,2016,519,69283
0,256,40,58,7,38,1996,471,126926
0,409,30,51,10,37,1997,538,56689
0,947,38,90,0,46,2010,486,235
0,608,34,100,9,45,2010,469,50286
0,511,24,34,10,40,2002,556,31288
0,600,18,55,2,26,1992,514,91325
0,879,22,57,6,42,2020,393,79695
0,464,12,85,2,28,1996,593,22376
0,583,16,20,2,49,2002,310,72580
0,832,41,99,3,36,2004,455,90207
0,414,6,46,8,40,2010,478,105933
0,500,39,65,2,37,2000,405,73287
0,506,50,54,1,48,1993,518,111495
0,687,3,13,8,33,1996,458,34437
0,642,30,36,10,27,2019,372,109900
0,478,30,38,1,42,2014,492,137584
0,879,14,28,3,47,1991,408,75563
0,296,44,81,5,50,2001,417,65066
0,345,44,82,6,28,2005,359,61591
0,776,47,49,6,33,1995,360,60164
0,326,29,100,3,37,2015,553,22788
0,183,20,20,5,40,2010,514,88870
0,454,44,60,2,49,2012,332,3620
0,183,2,67,1,24,2012,300,138534
0,485,22,27,5,45,1997,464,22316
0,957,30,99,4,22,1991,409,136920
0,552,4,93,0,45,2015,386,77634
0,730,14,100,2,45,2016,537,18434
0,644,18,20,1,39,2008,347,75689
0,477,25,61,3,34,2016,513,49445
0,752,41,42,1,36,2020,450,40969
0,253,3,94,2,50,1997,466,8582
0,496,38,60,0,36,2009,552,30093
0,134,14,95,5,37,2010,337,40508
0,746,26,73,4,49,2016,521,102594
0,640,18,92,9,47,2015,465,142256
0,677,19,28,7,35,2018,538,10795
0,808,21,43,5,20,2002,416,66356
0,622,19,22,3,40,2006,593,117178
0,916,5,11,1,35,2008,484,125427
0,406,16,89,5,36,2004,517,25693
0,901,18,96,0,20,2010,419,72388
0,293,37,51,9,47,2001,592,52227
0,416,23,45,10,24,2000,391,91361
0,834,3,43,7,30,2018,453,116180
0,132,49,64,10,33,2015,519,135511
0,286,1,52,1,49,2010,368,49790
0,886,42,76,2,23,2011,506,121901
0,179,12,66,6,45,2010,355,1501
0,319,6,9,2,28,2016,362,44063
0,950,5,23,10,41,2011,504,129933
0,868,19,51,1,20,2019,357,143197
0,688,2,15,4,36,2014,438,81760
0,755,50,52,7,33,2000,456,17681
0,629,38,55,9,48,2011,328,133220
0,456,16,23,6,36,1995,310,115652
0,843,7,40,1,41,2007,318,136685
0,251,22,26,10,30,2005,442,119884
0,550,29,29,8,23,2017,537,23488
0,112,21,71,10,36,2014,340,9948
0,302,17,25,4,40,1995,501,118689
0,665,48,62,2,33,2008,304,146852
0,926,16,60,5,45,2020,341,69846
0,873,25,80,5,26,1991,409,43156
0,537,10,88,6,31,2017,469,8847
0,302,41,43,3,20,1991,479,146480
0,965,47,93,10,48,1997,354,147656
0,340,45,59,10,37,1997,362,143603
0,633,10,83,9,35,2015,576,65163
0,455,38,72,4,45,2000,561,78263
0,633,36,97,9,37,2002,563,140521
0,531,1,40,8,40,1995,473,66205
0,256,37,50,4,41,2001,387,56365
0,246,26,28,5,43,2015,545,113950
0,747,47,55,2,49,2000,516,45104
0,809,20,80,9,40,1999,490,46562
0,685,44,94,10,26,1999,314,32344
0,497,17,63,0,35,2019,526,58229
0,533,25,60,2,48,2009,560,120378
0,385,22,98,2,27,1991,590,109780
0,472,22,84,6,27,1993,404,94658
0,784,33,36,7,20,2011,463,79429
0,724,48,69,5,32,2002,463,38255
0,834,31,91,10,36,2002,389,134830
0,187,19,43,5,48,2002,550,35642
0,293,45,89,10,26,1992,438,92668
0,546,42,54,3,27,2015,359,27694
0,633,36,57,1,33,2012,405,75402
0,613,19,72,5,48,2001,407,70242
0,703,49,97,10,34,2017,590,19688
0,625,21,21,6,41,2017,517,120254
0,803,35,78,1,34,1997,591,97313
0,529,23,58,7,45,2002,577,141401
0,453,19,71,7,32,2019,428,72747
0,767,2,51,5,22,2003,357,85435
0,632,13,74,3,34,1997,600,63015
0,156,4,56,2,21,2009,448,29398
0,454,19,55,5,42,1997,471,116957
0,135,19,93,10,47,2000,509,4118
0,230,7,76,9,23,2002,500,73421
0,550,19,49,10,28,2015,458,148188
1,738,10,98,2,24,2010,591,56473
0,772,12,74,0,46,2015,371,10869
0,763,28,61,2,50,2019,405,121850
0,249,2,71,8,22,2014,548,63242
0,748,5,57,8,25,1996,434,70861
0,914,35,39,10,24,2020,342,89421
0,223,40,71,10,50,2011,547,65867
0,198,40,62,1,37,2013,551,107889
0,489,20,93,4,38,2005,500,142349
0,613,12,59,10,49,1990,343,34562
0,639,2,85,10,24,2014,555,137462
0,556,44,53,9,20,2000,479,129065
0,357,45,49,1,37,1996,435,114223
0,931,15,62,7,24,2012,339,145299
0,830,34,61,1,28,2020,354,88373
0,989,17,90,8,25,2006,404,31241
0,735,43,67,2,37,2012,503,8288
0,797,40,95,0,35,1994,431,91564
0,926,2,92,2,25,2006,438,49949
0,623,47,66,6,41,2006,366,135002
0,167,1,1,9,47,2014,495,2157
0,605,22,45,2,30,2004,542,41107
0,187,13,16,4,26,2013,487,137764
0,522,15,67,9,33,2001,470,8061
0,322,11,76,8,31,2018,583,25261
0,599,47,80,10,45,1996,429,110759
0,923,42,78,6,32,2012,493,36206
0,872,36,41,4,45,2010,339,112946
0,107,33,33,9,28,2017,482,76271
0,844,21,33,0,50,2004,549,147956
0,803,40,100,10,36,1994,390,16784
0,155,39,95,7,38,2014,548,61166
0,239,26,81,2,46,1994,457,46504
0,588,48,61,9,37,2003,317,18729
0,530,5,23,9,36,1997,549,26745
0,399,39,49,4,49,2002,533,42297
0,959,11,30,10,40,2012,420,148755
0,309,28,74,10,49,1995,424,121187
0,614,43,89,8,37,1993,542,120781
0,135,2,17,2,21,2016,334,139768
0,816,31,35,10,45,1995,476,105231
0,132,16,38,2,39,1997,527,60677
0,985,12,91,10,47,1990,529,63701
0,626,50,72,6,38,2020,406,123824
0,824,18,31,1,23,2020,445,83290
0,386,34,58,10,49,2014,505,57807
0,732,35,98,2,42,2002,381,141631
0,822,5,50,7,25,2010,350,96020
0,112,16,46,9,36,2000,518,96011
0,738,14,30,9,35,2008,567,129682
0,848,30,91,0,38,1997,344,46109
0,716,3,79,1,34,2016,339,91885
0,506,47,68,1,37,1995,525,141058
0,408,28,56,0,27,2011,486,115651
0,755,30,48,1,28,1997,471,24907
0,975,29,41,0,50,1996,383,125419
0,252,21,86,0,29,1996,495,49515
0,118,23,27,3,48,2019,455,130896
0,990,15,85,2,33,1991,459,144221
0,573,34,65,8,39,2016,418,88132
0,821,13,44,0,36,2002,416,96995
0,159,42,86,0,42,1990,573,114961
0,499,18,87,1,42,2014,327,58720
0,484,19,79,10,37,2018,450,90699
0,739,6,38,7,43,1995,444,99440
0,913,23,100,9,36,1991,454,146909
0,175,18,67,10,22,2001,401,54174
0,485,8,90,0,31,2014,428,110984
0,251,7,34,0,28,1990,438,66329
0,784,18,83,1,30,1999,415,80902
0,201,45,79,10,35,1991,503,8164
0,758,4,17,4,48,2013,374,83690
0,366,29,69,1,35,2013,325,27459
0,499,43,51,8,24,2012,391,107428
0,877,15,98,2,33,1992,450,98669
0,158,48,79,4,21,2018,302,39352
0,713,37,65,1,47,2019,374,22908
0,852,6,45,1,31,2009,582,24854
0,468,24,27,5,26,2007,527,94871
0,695,23,84,2,45,2013,435,120090
0,728,33,79,5,48,2006,380,108272
0,654,49,81,1,23,1998,520,52965
0,148,17,28,10,35,2003,330,21489
0,177,28,32,2,40,2007,407,18060
0,594,8,75,5,42,1999,519,124890
0,761,6,22,4,24,1992,312,147837
0,801,28,52,1,22,1994,525,63033
0,820,10,67,9,43,1994,531,47511
0,969,50,52,9,50,1998,526,67630
0,379,30,38,4,49,1998,553,21107
0,943,47,89,2,31,2020,578,55474
0,984,33,80,1,38,1999,457,130478
0,381,25,81,3,34,2014,565,103464
0,986,44,78,2,22,2019,389,138669
0,202,11,63,6,37,2013,375,105771
0,454,12,100,1,50,2006,457,35080
0,634,48,83,2,38,1994,362,48978
0,279,30,44,7,35,2002,477,120437
0,261,20,77,6,44,2019,573,36844
0,137,37,41,4,34,2000,487,120165
0,487,16,75,0,48,2007,470,55024
0,605,23,72,0,37,2008,487,24372
0,947,50,78,9,28,2006,482,118032
0,937,18,29,1,29,1997,405,101694
0,723,8,21,10,35,2006,541,26839
0,269,34,83,9,35,2005,522,45506
0,761,22,58,2,49,2020,553,21219
0,538,15,25,4,21,1994,433,110705
0,849,9,62,4,37,1997,355,68002
0,945,4,77,1,21,1999,600,121159
0,582,21,93,8,39,2004,552,75564
1,232,21,88,0,29,2015,528,25587
0,444,33,93,10,48,2004,309,138518
0,537,50,81,0,49,2019,449,22001
0,853,17,36,7,21,2004,549,47999
0,186,13,26,9,43,2020,394,12562
0,355,39,91,2,31,2003,429,50445
0,547,40,53,0,35,2000,574,70170
0,679,17,28,1,22,2015,332,29798
0,497,33,57,2,46,1996,309,115941
0,920,41,68,2,41,1995,545,96115
0,609,44,44,1,20,2020,485,112035
0,483,49,59,10,30,2009,398,35070
0,935,37,82,4,46,2020,373,140097
0,720,18,35,5,23,2020,533,112592
0,241,47,80,4,37,2009,564,127553
0,761,8,69,4,37,1990,329,44817
0,861,22,57,2,23,2013,367,66945
0,302,31,51,2,26,2011,326,75469
0,564,29,80,1,47,2008,599,93554
0,576,27,99,2,35,1992,545,73789
0,954,27,69,6,21,2005,523,53019
0,716,35,68,7,43,2003,461,97370
0,465,3,47,3,20,2014,517,121098
0,961,31,77,6,34,1992,309,140223
0,174,14,67,5,40,2013,354,47600
0,999,2,44,4,38,2019,407,119771
0,622,45,55,8,37,2001,329,66671
0,463,7,90,3,26,2019,414,82536
0,701,36,78,6,34,2017,550,19173
0,230,2,66,3,49,2018,489,37141
0,181,26,82,0,32,2005,438,67466
0,313,21,73,3,41,2009,371,41405
0,434,42,67,1,27,2017,533,123409
0,399,17,84,3,48,2011,300,79723
0,891,19,71,6,44,1992,481,28529
0,546,29,38,2,39,2001,545,63139
0,192,36,54,6,32,2005,347,89281
0,519,24,26,4,31,1993,419,54649
1,680,23,68,1,25,2009,588,35787
0,263,47,99,3,28,1991,431,75187
0,940,27,87,7,24,1991,559,139604
0,673,36,48,4,33,2020,387,51021
0,641,43,43,4,38,2015,353,143473
0,567,31,39,2,42,2011,586,143327
0,684,41,68,0,39,1997,355,56275
0,754,36,40,9,20,1997,337,62444
0,658,12,25,1,35,2017,536,28793
0,734,3,56,9,35,1996,354,89288
0,501,34,72,2,40,2019,487,134410
0,482,39,43,7,21,1999,399,108208
0,255,2,77,10,28,2002,389,25085
0,274,40,83,3,25,2018,405,75544
0,733,15,89,0,35,2006,578,11714
0,192,14,79,3,41,1990,316,102212
0,720,37,38,2,32,2020,556,90537
0,627,35,81,3,47,1990,329,57051
0,869,17,54,0,41,1993,376,39236
0,999,16,81,5,31,2008,442,120094
0,263,7,94,7,50,1992,430,31014
0,512,44,85,10,30,2008,486,148449
0,205,14,69,7,45,2020,501,50055
0,230,32,38,7,47,1993,327,104305
0,543,21,38,7,38,1992,526,137705
0,412,13,88,9,29,2008,576,70302
0,357,28,83,9,30,2001,369,8438
0,353,46,87,2,38,2003,564,19776
0,162,48,86,8,39,2014,333,113992
0,270,39,64,1,45,2020,576,108468
0,814,50,75,9,50,2007,487,107429
0,804,36,52,4,42,2005,454,133768
0,997,22,71,2,25,1997,597,98306
0,236,38,61,4,45,1991,422,9047
0,1000,18,27,9,42,2019,480,60606
0,343,44,48,8,32,2000,380,40283
0,883,36,80,0,45,2004,482,54417
0,783,14,56,2,39,1991,426,71387
0,137,20,56,7,30,2019,458,59637
0,245,42,73,7,37,2016,385,128002
0,313,45,90,3,40,2001,422,79625
0,669,40,88,7,33,2014,492,113538
0,624,36,89,7,46,2011,592,149174
0,873,38,98,0,44,2001,314,14719
0,549,27,38,3,38,1992,394,140576
0,942,25,91,3,32,2010,555,96301
0,546,2,28,10,45,1991,463,91667
0,726,42,59,2,32,2020,571,117412
0,645,26,35,1,29,2013,465,24951
0,860,40,69,1,44,2019,400,124128
0,883,30,40,2,23,2020,369,18836
0,105,28,55,1,26,2003,411,25110
0,447,34,76,1,43,2016,313,50896
0,982,48,75,10,43,2012,391,78434
0,723,33,65,9,33,2001,315,39406
0,926,17,24,0,31,2001,545,9129
0,165,21,83,9,45,1990,531,5021
0,770,9,27,1,21,2014,332,88241
0,334,28,62,9,27,2007,333,40537
0,554,3,13,9,25,1994,534,74751
0,499,25,49,4,40,1994,527,25969
0,951,37,82,3,43,2007,305,5938
0,667,49,74,4,26,1998,343,39282
0,124,8,90,7,49,1993,549,149999
0,982,5,32,10,40,1993,389,79057
0,911,22,31,3,50,2005,566,125105
0,480,32,84,7,39,1996,340,58055
0,835,13,44,5,32,2002,450,93921
0,697,10,64,9,48,2002,459,61095
0,557,10,80,5,31,2002,526,63602
0,915,26,45,9,30,2009,577,62273
0,296,5,61,6,20,1999,322,25084
0,379,15,49,3,27,2019,483,46860
0,393,21,58,3,21,2000,552,73998
0,602,19,40,10,49,2016,477,62202
0,768,24,31,8,33,1993,476,127311
0,864,17,73,3,33,1997,531,82816
0,879,2,16,0,32,2007,592,103928
0,319,41,65,1,21,1997,576,143369
0,246,3,20,9,26,2010,432,130320
0,621,36,61,9,37,2004,538,50512
0,678,35,75,8,36,2005,477,139161
0,754,17,34,7,22,2016,466,100418
0,893,44,87,0,34,1997,418,139281
0,325,48,70,10,34,1995,578,63056
0,561,36,48,0,35,2020,307,142083
0,565,41,84,7,31,1991,368,7158
0,346,2,5,6,22,2000,467,103423
0,755,38,67,2,41,2009,520,23689
0,982,32,68,7,26,2003,458,84336
0,903,26,81,8,36,1998,326,14915
0,230,23,90,2,23,1999,350,109743
0,228,48,59,2,48,2016,367,111283
0,943,39,58,6,36,2002,581,121015
0,617,32,84,7,28,2019,355,125496
0,629,15,55,0,47,2014,508,25435
0,713,22,55,2,30,1990,408,71379
0,367,4,67,7,31,2020,450,113743
0,710,10,66,5,35,2008,349,89717
0,822,28,78,8,50,2011,497,81626
0,619,36,39,4,47,2009,368,22957
0,589,9,9,7,33,2006,469,78588
0,528,49,79,2,39,2020,497,134757
0,460,48,61,8,32,1999,360,662
0,505,28,39,5,45,2010,373,2879
0,140,29,84,3,20,2004,372,18113
0,128,31,55,0,47,1990,578,126785
0,810,28,37,5,28,1995,328,8294
0,887,13,74,1,32,1993,353,48528
0,418,50,58,10,24,1996,368,87278
0,948,37,98,4,43,1991,391,21387
0,107,38,100,5,41,2007,401,55627
0,941,28,55,5,38,2020,385,25900
0,415,6,49,9,29,1999,366,97326
0,325,4,73,3,40,1999,391,55232
0,357,27,50,0,21,1995,576,36197
0,625,22,48,3,37,2017,439,37800
0,348,45,82,3,35,2005,313,123944
0,220,40,82,1,50,1991,411,78221
0,255,30,58,10,49,2003,490,36761
0,827,21,69,3,25,2017,390,192
0,229,23,30,7,45,1994,570,63535
0,167,25,85,4,21,2020,364,118475
0,809,27,77,0,45,1998,325,96785
0,964,3,86,4,37,1990,496,147976
0,114,18,25,1,23,2015,471,64657
0,152,43,96,9,48,2020,552,18599
0,252,21,89,5,39,2010,328,123399
0,232,10,59,4,48,2008,524,83005
0,922,25,64,9,29,2006,435,110869
0,834,38,52,3,49,2000,513,70759
0,241,10,49,5,33,2009,554,117527
0,291,37,51,8,35,1991,585,45356
0,908,30,98,4,34,1999,464,37058
0,289,42,59,8,44,2007,316,71226
0,584,13,96,8,44,2000,576,61836
0,715,22,43,1,47,2012,560,89809
0,995,12,89,9,45,2004,453,130742
0,743,47,47,0,30,1993,561,149767
0,470,38,87,2,38,1993,407,100797
0,141,46,54,3,21,1990,300,13840
0,260,28,33,9,43,1996,530,51062
0,340,16,67,4,20,2010,332,20751
0,898,24,77,4,22,1996,466,60491
0,843,29,85,2,26,2004,301,27859
0,643,32,48,10,27,1999,459,134621
0,996,35,51,4,36,2002,408,33889
0,285,25,45,8,26,2020,441,106327
0,342,29,99,1,49,1998,424,75764
0,673,18,76,0,32,2009,421,114747
0,934,41,53,5,37,2020,487,141252
0,447,43,83,5,24,1995,366,27859
0,871,30,96,0,30,1998,579,100383
0,995,1,4,1,22,1994,506,36825
0,386,5,62,9,35,1991,560,124830
0,357,24,29,5,42,2014,472,60539
0,537,12,88,4,26,1999,425,13568
0,540,10,69,4,27,2003,394,130989
0,289,8,34,0,20,1996,509,62557
0,803,39,74,3,46,2016,381,18355
0,944,2,73,1,21,1991,391,15705
0,513,45,58,7,38,2006,465,135346
0,625,36,52,9,44,1990,553,89961
0,425,36,47,9,25,2019,409,103014
0,223,25,60,4,34,2008,451,70392
0,950,35,77,3,40,2001,350,107132
0,845,7,93,7,34,2016,342,41245
0,167,29,40,1,49,2005,589,141693
0,840,13,65,9,28,2013,522,21360
0,166,33,37,2,42,2016,574,68533
0,374,49,98,2,44,1996,400,129355
0,255,25,76,8,26,2000,559,119233
0,482,13,62,3,42,2018,310,46523
0,938,49,65,1,26,2020,415,48202
0,477,49,64,6,32,2006,409,1699
0,296,13,61,9,28,1992,471,27732
0,477,35,40,0,27,2005,308,124746
0,425,4,57,5,43,1995,430,58979
0,100,44,45,8,22,2001,529,126761
0,737,25,79,4,35,2019,337,144238
0,876,4,60,10,44,2014,331,92446
0,833,43,98,0,37,1998,374,140897
0,793,34,76,6,24,2004,413,144504
0,478,33,93,9,26,2001,570,74808
0,645,20,95,0,45,2007,450,145216
0,388,45,52,2,49,2000,329,48887
0,383,25,81,9,27,1992,582,125801
0,852,25,85,3,43,1999,420,61464
0,553,28,88,6,41,1994,344,90988
0,231,18,80,2,44,2005,510,74234
0,394,50,88,2,26,1991,574,61513
1,969,47,70,5,24,2015,470,1499
0,933,3,78,10,25,2011,477,132123
0,527,39,62,9,30,2018,469,13606
0,833,13,37,0,42,2020,517,63804
0,841,15,52,10,34,2010,516,56554
0,185,42,94,6,50,1993,327,104842
0,771,7,97,9,29,2019,496,127718
0,631,40,55,8,43,1999,469,79936
0,662,3,39,7,21,1997,510,2834
0,165,14,71,2,25,2005,322,121157
0,885,23,33,5,23,2002,573,130588
0,722,23,38,4,50,2013,317,31000
0,536,45,68,5,32,1997,338,25562
0,709,8,57,8,22,2010,316,56113
0,701,26,70,6,26,2017,547,99753
0,298,41,79,10,30,1993,434,50909
0,135,33,56,2,44,1990,563,105813
0,379,6,30,4,25,2004,468,37637
0,298,44,99,7,49,1993,425,118078
0,818,44,57,1,35,2008,402,111754
0,958,7,17,9,22,2006,340,71894
0,468,22,32,5,40,2012,565,139824
0,871,18,48,7,28,1994,428,131244
0,953,16,31,2,44,2020,546,129348
0,717,10,82,6,34,2015,431,102198
0,288,33,64,6,24,1991,350,143154
0,617,33,89,2,49,1998,399,93345
0,779,9,71,7,32,2018,385,101184
0,372,18,69,1,43,2012,597,66551
0,672,11,35,10,42,2002,600,63077
0,582,39,95,10,28,2014,391,21733
0,639,8,90,6,48,2002,475,34706
0,352,27,54,7,45,2009,463,75522
0,416,24,73,10,20,1993,460,61068
0,328,49,92,3,25,2003,522,91237
0,146,31,86,8,26,2018,547,27632
0,567,31,82,8,25,1990,566,31276
0,515,18,35,8,29,1990,417,35853
0,674,34,84,7,42,2015,357,118667
0,859,48,62,10,21,2020,522,65294
0,774,20,39,6,42,2016,470,77788
0,917,14,91,9,26,2003,453,125
0,927,6,97,2,42,1996,315,68184
0,446,11,100,1,41,2018,505,50457
0,601,40,96,8,29,2010,386,143615
0,417,22,50,5,31,2018,517,31200
0,834,23,41,3,29,2005,384,2409
0,525,32,83,0,45,2000,320,130905
0,202,6,95,5,27,2012,507,97084
0,288,42,97,0,22,1994,372,38125
0,976,45,50,5,40,2016,513,5802
0,697,17,77,6,37,2012,479,138961
0,513,21,91,9,25,2018,549,99826
0,585,36,92,10,44,1994,550,15935
0,866,14,73,5,22,2008,401,71228
0,380,33,62,10,20,1991,509,1471
0,924,34,99,4,42,1992,554,145714
0,759,11,70,5,36,2019,448,110557
0,763,44,68,0,32,2003,320,65482
0,456,26,38,2,23,2004,422,125597
0,814,5,30,4,31,2009,486,7442
0,312,49,99,9,29,1998,349,142969
0,550,49,67,4,40,2000,571,75329
0,172,18,41,7,38,2001,400,109465
0,129,8,58,10,50,2015,399,36141
0,211,35,45,3,21,1997,413,88804
0,133,7,42,1,43,1999,492,33340
0,486,37,65,7,37,2009,439,14594
0,900,46,92,7,23,2019,549,70027
0,956,40,92,5,45,2014,566,83722
0,167,20,96,2,27,2004,419,78914
0,817,19,50,5,20,1997,381,32769
0,113,1,1,5,34,2014,517,98386
0,255,15,23,5,40,2019,556,119472
0,258,34,61,6,45,1999,328,30582
0,297,35,87,10,38,1996,318,14909
0,642,11,100,4,23,2001,568,111692
1,459,4,93,5,29,2015,516,14401
0,389,28,76,8,29,1998,363,72881
0,588,17,24,0,24,1993,443,66732
0,356,20,94,1,49,2005,585,82709
0,874,13,67,10,45,2007,510,84779
0,473,21,69,8,29,2015,514,4804
0,209,32,88,10,21,1997,553,103688
0,653,21,40,9,46,1991,524,26380
0,815,28,97,8,42,2001,520,111145
0,452,15,49,8,41,2000,301,44600
0,723,37,46,0,28,2008,415,89053
0,848,5,78,8,24,2012,500,124497
0,904,17,98,7,48,1993,536,79435
0,494,28,73,9,45,2014,366,52232
0,444,43,97,7,24,1991,421,13195
0,536,5,58,0,23,1998,569,25921
0,585,6,50,7,49,1996,498,93445
0,952,2,20,4,30,2019,562,100134
0,928,9,19,10,23,2008,348,1965
0,331,27,79,10,37,1990,369,40818
0,433,28,94,8,28,1990,553,89391
0,497,11,54,4,33,1994,356,60768
0,824,49,77,4,33,1993,462,121954
0,966,17,40,10,26,2005,376,48006
0,620,38,53,4,24,2015,435,92938
0,747,37,41,7,39,2018,314,121877
0,611,9,73,5,49,2010,483,77625
0,354,28,38,7,50,2005,592,11119
0,511,34,51,4,31,2008,324,93320
0,810,34,64,5,42,1992,408,49304
0,360,24,69,10,35,2000,550,20783
0,353,47,53,1,49,1991,302,121149
0,942,31,89,5,24,2005,342,114800
0,156,25,41,7,50,1999,399,130943
0,299,13,81,3,20,1993,585,19812
0,174,24,71,2,40,2001,463,35770
0,300,48,60,1,29,1995,409,46383
0,465,18,84,6,28,2014,508,67916
0,735,9,56,4,50,2020,471,106253
0,498,9,50,6,24,2016,304,73439
0,291,21,57,3,23,1999,379,43377
0,363,7,78,8,44,2011,429,12818
0,606,50,63,7,21,2004,343,89504
0,158,23,64,4,35,2005,455,100697
0,146,17,65,3,22,2020,521,142688
0,403,28,46,4,30,2011,582,60044
0,826,39,79,5,40,2015,349,49170
0,728,14,93,4,40,2000,430,7377
0,149,21,84,7,31,2001,400,82569
0,890,39,82,0,32,2001,553,466
0,842,13,17,10,40,2005,464,34482
0,951,44,92,7,50,2004,475,15747
0,316,35,61,8,30,2020,468,141421
0,232,25,56,5,23,2019,595,125235
1,221,13,86,4,28,2017,463,15276
0,778,22,28,0,27,2013,489,2575
0,877,26,57,3,43,2013,354,59914
0,803,12,94,4,37,1995,305,48743
0,515,41,88,9,29,1999,590,144880
0,323,32,53,10,23,1997,585,30571
0,729,23,56,2,31,2010,469,26842
0,174,15,60,4,33,2008,413,9589
0,227,11,58,2,42,2001,371,59727
0,464,21,66,4,44,2005,462,93846
0,345,47,92,2,46,1998,347,108161
0,542,42,48,4,48,2007,573,18960
0,838,8,11,7,48,2012,449,99874
0,628,29,51,1,46,2001,535,71437
0,909,43,44,1,33,1994,448,112559
0,261,41,53,2,36,2003,518,136255
0,961,11,83,3,46,1999,325,49862
0,647,2,11,2,23,2008,300,110716
0,245,9,62,0,45,2000,439,29031
0,602,38,45,3,31,2020,353,81615
0,949,48,58,5,49,1997,501,2396
0,396,2,28,8,36,1993,566,126786
0,503,28,29,1,30,2009,382,87104
0,763,23,43,3,45,2016,552,80029
0,578,27,36,0,32,2009,539,109816
0,299,34,38,2,36,2005,541,51149
0,290,30,69,3,32,1993,342,77788
0,707,11,23,9,27,1997,482,33267
0,813,34,55,3,34,1991,536,91499
0,580,33,98,9,44,1992,560,149612
0,959,21,64,1,44,2001,528,132911
0,848,28,64,7,33,2010,556,21300
0,197,17,58,9,31,2007,545,118999
0,909,5,82,6,44,2018,433,50847
0,361,9,84,1,36,2011,445,98582
0,649,10,65,6,40,2005,456,8528
0,557,16,65,3,33,1994,441,6607
0,318,43,73,3,46,2007,453,130726
0,155,42,45,6,50,2019,468,93047
0,826,40,49,10,47,1998,521,109025
0,299,39,80,3,48,1995,355,131768
0,895,48,87,2,38,2016,537,96277
0,264,11,53,4,39,2008,568,123932
0,589,3,83,9,43,2020,389,8994
0,564,7,93,9,43,2005,558,14354
0,569,18,84,6,49,1992,345,135018
0,827,32,63,6,46,1991,451,42645
0,914,38,74,0,32,2006,557,45091
0,712,34,57,5,20,1991,415,25463
0,719,48,89,8,35,2012,358,116732
0,478,40,45,3,27,1997,431,42863
0,635,39,75,6,23,1996,367,55544
0,615,1,39,2,24,2005,566,50557
0,849,49,66,3,37,2019,352,130349
0,723,25,26,0,20,2001,502,113155
0,512,33,100,7,44,2010,455,40674
0,330,46,84,2,46,2018,401,19274
0,900,10,95,8,45,2007,525,78934
0,328,39,49,7,25,2020,500,27011
0,656,18,62,6,27,2017,379,109686
0,172,33,36,8,27,2012,481,112300
0,666,23,41,8,40,2006,314,75726
0,199,32,50,9,40,1997,351,3289
0,418,39,81,7,30,2009,502,135438
0,123,20,50,2,49,2009,313,146259
0,586,28,88,8,26,2008,514,44936
0,116,6,48,0,43,2019,421,143665
0,584,34,78,1,32,2008,469,146306
0,326,36,67,9,42,2017,476,26231
0,344,47,75,9,41,2008,428,23441
0,134,50,71,5,31,2016,590,147054
0,673,13,89,2,46,2017,366,4545
0,606,28,32,1,47,2017,471,96142
0,937,3,70,9,44,2000,388,41669
0,478,2,92,10,43,2013,472,20603
0,812,44,71,0,32,2002,511,48175
0,956,48,64,3,39,2005,514,104379
0,659,30,30,4,47,2000,378,27286
0,200,13,72,3,23,2010,449,100970
0,539,5,8,4,37,1991,465,66804
0,506,22,47,7,36,1993,387,134468
0,710,12,14,6,34,2009,402,77658
0,562,23,23,0,48,2007,393,64653
0,711,6,82,2,24,2017,310,79302
0,378,28,35,6,48,1992,586,39043
0,955,13,63,6,35,2000,600,136161
0,552,15,66,8,40,1998,581,93247
0,969,31,76,7,48,2013,388,97837
0,852,6,99,1,48,1991,504,93655
0,463,28,96,7,26,2010,488,80286
0,450,21,52,1,30,2009,566,77172
0,705,6,90,0,46,2009,490,33545
0,489,19,90,2,36,2004,600,21440
0,996,7,42,5,39,2010,361,40347
0,310,5,53,5,27,1993,366,22845
0,270,44,64,8,40,2007,429,133961
0,936,44,72,3,32,2008,308,64614
0,522,37,90,2,26,2000,528,14199
0,850,29,38,1,30,2018,362,141131
0,968,46,79,8,36,1993,499,139018
0,806,42,91,1,41,2015,530,11580
0,378,16,58,9,20,2014,385,73816
0,839,9,45,10,21,2010,384,127338
0,923,22,40,7,45,2011,355,95520
0,756,9,19,5,45,2018,551,9305
0,557,50,100,8,20,1995,570,29167
0,541,48,57,10,38,2001,582,147654
0,861,47,89,1,48,1991,363,90855
0,175,28,32,7,50,1999,343,19814
0,311,45,46,1,25,2003,333,66880
0,456,44,96,4,28,1992,322,80887
0,681,41,71,4,32,2010,414,142198
0,436,37,72,6,25,1994,548,49149
0,781,29,54,2,39,1990,550,73538
0,364,37,76,3,27,1991,435,63536
0,706,45,47,7,20,1997,576,117323
0,818,15,50,9,43,2006,478,100689
0,228,33,66,6,21,2010,516,76024
0,727,18,57,0,26,1995,417,66655
0,759,24,27,2,40,2018,360,62807
0,858,8,80,5,41,2015,534,73730
0,472,33,56,7,35,2016,331,95776
0,261,19,26,4,50,1995,358,80750
0,557,24,66,9,48,1998,571,77082
0,591,13,82,8,36,2000,402,146382
0,800,17,33,8,38,1996,411,9863
0,617,45,63,0,22,2006,437,60350
0,204,40,67,10,21,2008,453,86837
0,979,25,91,8,24,1996,503,49930
0,557,41,74,10,29,2006,364,45343
0,425,30,39,3,29,1995,365,126214
0,733,36,73,8,41,2004,544,117856
0,127,9,59,6,42,1995,408,54122
0,861,38,38,3,23,2020,501,4511
0,921,47,71,0,41,1992,562,44754
0,688,1,33,2,31,2017,346,146099
0,108,17,25,2,43,1993,542,50713
0,126,43,88,9,21,2010,326,120879
0,707,9,52,7,45,2007,559,46370
0,108,25,95,6,27,2016,324,18533
0,361,45,76,5,50,2014,417,129999
0,261,38,62,5,45,1997,465,141276
0,184,48,72,10,29,1993,418,15190
0,280,32,62,9,39,2008,584,48701
0,166,45,97,10,40,2003,555,109529
0,371,7,74,3,26,1998,405,102188
0,797,7,66,1,43,2005,573,19819
0,991,29,71,2,45,2008,483,70444
0,442,44,75,10,31,1998,477,130025
0,214,11,93,9,50,1998,373,85788
0,486,16,72,7,31,2016,467,22435
0,883,40,78,9,20,2019,372,67056
0,451,10,37,6,37,1993,325,43801
0,852,49,100,3,50,2014,334,87735
0,271,8,32,6,28,2018,504,39185
0,808,3,91,2,21,2012,456,95162
0,825,13,36,9,48,1990,514,23713
0,994,50,75,9,50,2010,492,14651
0,249,12,44,1,34,1997,364,87369
0,230,43,79,9,24,2014,384,129979
0,174,31,59,4,31,1993,378,28040
0,235,5,82,3,48,2006,382,50109
0,573,8,100,9,34,2019,569,39112
0,614,15,45,9,23,2014,511,129118
0,359,13,15,4,42,2003,540,56577
0,709,24,29,9,50,2009,474,35963
0,991,37,90,5,29,1992,437,9029
0,801,50,63,5,34,1998,518,43651
0,873,48,48,6,26,2020,521,36377
0,379,28,39,0,48,2005,463,6510
0,367,25,93,1,50,2018,381,36237
0,266,33,97,8,35,2012,377,46960
0,732,46,71,0,48,2009,537,123844
0,865,45,71,2,41,2017,302,144339
0,245,33,66,7,28,2018,438,24607
0,684,29,79,3,21,2007,323,55747
0,973,10,11,7,25,1993,578,59315
0,233,3,15,4,42,1995,524,90464
0,292,48,83,7,29,2011,342,134165
0,827,19,42,7,46,1993,335,79959
1,328,38,61,3,25,2003,480,4179
0,362,42,86,10,48,1991,321,90344
0,715,10,38,6,37,2004,380,19603
0,995,35,82,1,41,1993,564,65248
0,277,24,69,4,34,1991,371,38948
0,489,24,46,9,31,2011,316,148267
0,897,31,50,10,43,1990,491,134051
0,717,38,52,5,39,1990,413,26062
0,322,33,71,10,27,2013,456,90942
0,328,22,38,3,47,2003,460,80721
0,210,16,62,5,43,1998,466,120432
0,738,7,8,7,22,2007,566,15098
0,812,39,53,8,24,2006,580,3387
0,507,1,79,9,28,2014,367,20130
0,327,28,71,3,31,2011,352,27867
0,305,17,66,2,49,2002,353,82245
0,109,49,66,9,28,1995,591,47500
0,958,11,73,1,46,1996,326,115361
0,121,39,48,5,39,2017,548,142835
0,666,21,33,4,34,1997,502,144962
0,630,26,70,10,26,2003,490,19197
0,791,14,67,2,37,2010,597,54564
0,321,26,46,1,25,1994,380,140607
0,116,33,45,4,25,1995,348,121411
0,836,44,73,6,32,2014,305,45817
0,616,36,52,0,27,2007,447,1648
0,108,17,67,7,31,2015,505,53859
0,972,5,81,4,35,1990,377,118613
0,787,7,88,3,22,2009,442,67836
0,191,8,59,8,38,2016,353,92911
0,502,8,98,8,41,2013,586,24952
0,586,49,70,2,23,2005,541,119632
0,898,12,33,10,47,1998,353,141053
1,432,2,99,4,28,2012,477,25692
0,103,40,93,0,42,1995,311,44997
0,415,6,97,4,39,2011,534,125238
0,916,9,27,2,36,1992,304,139445
0,673,23,54,3,46,2015,372,145143
0,792,37,66,0,42,2008,401,46213
0,707,38,95,5,38,2006,352,129943
0,809,42,61,2,28,2007,400,117956
0,777,20,70,10,21,2002,479,48922
0,273,35,97,10,30,2005,430,50785
0,186,50,92,10,25,2012,394,46144
0,463,26,41,5,47,2006,438,125335
0,246,23,63,4,49,2008,360,19470
0,488,2,50,5,37,1990,313,39207
0,341,7,25,5,33,1994,587,35125
0,857,21,66,10,44,1992,574,83645
0,521,43,69,5,35,2020,381,82503
0,675,48,49,3,41,1999,555,83630
0,730,14,29,9,47,2017,393,11017
0,381,37,82,3,33,2013,551,27370
0,880,2,5,6,28,2018,376,2619
0,770,4,36,10,27,2013,465,99141
0,380,20,29,9,22,1992,511,98938
0,405,43,43,7,23,1994,472,20290
0,294,8,39,2,28,2001,541,33097
0,708,30,42,1,33,2002,501,94903
0,709,14,35,5,32,2006,392,9147
0,282,41,58,5,48,2002,338,140538
0,735,43,45,0,25,2019,452,78185
0,523,38,58,3,36,2009,516,61714
0,593,14,76,9,32,2001,520,74895
0,706,44,98,5,37,2015,318,146258
0,416,10,12,1,27,1995,481,98488
0,547,24,54,2,41,1992,497,58507
0,267,20,31,0,29,2014,549,6029
0,686,37,47,8,46,2011,454,3053
0,662,47,80,4,32,2013,479,4763
0,809,34,87,5,45,1997,316,111259
0,594,37,87,3,48,2004,333,65582
0,726,27,64,6,45,2009,598,74368
0,545,27,39,1,36,2002,379,31235
0,604,37,37,4,38,2001,339,111225
0,218,5,64,2,42,2003,512,104516
0,428,24,72,8,49,1996,374,42454
0,204,23,72,8,35,2017,359,64727
0,210,38,70,6,50,2017,414,46474
0,604,17,28,0,33,1994,479,67176
1,916,37,74,1,24,2020,510,39892
0,284,5,50,3,28,1991,412,23030
0,753,13,22,7,40,1999,516,21989
0,680,34,97,2,46,2006,342,27356
0,225,21,90,8,39,2003,546,140069
0,846,35,76,10,44,2002,481,83485
0,433,2,13,4,47,2018,310,17329
0,703,21,51,10,49,2015,474,117998
0,355,31,33,1,32,2013,441,13371
0,138,38,45,2,22,2016,308,3868
0,326,11,40,6,36,1990,388,147845
0,228,17,47,8,23,2016,395,83569
0,177,36,41,0,45,2016,410,16660
0,320,21,28,8,25,1994,578,52750
0,344,15,40,2,27,2015,553,37853
0,195,37,91,1,34,2007,379,9416
0,867,4,14,8,37,2011,514,45847
0,696,41,55,5,34,2018,344,33758
0,152,48,59,10,37,2004,321,75787
0,433,2,15,8,49,1998,407,122328
0,884,20,33,5,37,2019,479,83698
0,683,5,21,0,32,1999,485,32602
0,973,10,12,2,48,1999,400,114005
0,733,15,87,1,20,2006,527,103191
0,385,11,41,2,38,2016,584,134935
0,800,3,14,4,34,1997,585,5130
0,906,15,99,7,27,2018,581,31293
0,203,20,52,3,30,2015,573,60845
0,901,33,49,0,33,1997,477,93092
0,885,44,69,4,29,1997,398,42620
0,112,42,77,8,39,2018,307,15222
0,855,27,53,0,34,1990,517,40006
0,410,26,89,7,31,2006,488,36267
0,218,19,64,4,49,2002,368,59528
0,379,11,41,0,22,2015,426,128494
0,565,16,29,0,31,1998,512,63900
0,648,32,35,8,31,2018,378,1000
0,618,1,34,2,37,2009,392,90225
1,395,7,59,2,26,2012,531,4183
0,469,43,44,9,44,2011,536,106154
0,386,25,51,3,41,1991,372,81911
0,835,45,63,9,43,2003,380,11682
0,605,33,89,5,47,1994,596,69434
0,229,17,23,9,44,2005,555,139041
0,562,27,86,1,44,2003,426,3787
0,118,19,47,8,48,2015,555,72147
0,925,32,80,9,36,2004,434,129319
0,660,32,91,3,38,2013,568,19451
0,695,43,77,7,25,1997,330,57513
0,617,8,75,0,36,1995,457,8995
0,883,30,82,9,36,1994,451,138537
0,340,42,51,3,34,1999,494,148150
0,445,44,44,7,23,2009,479,39503
0,638,6,16,9,31,2003,468,71917
0,393,8,84,1,31,2020,452,69173
0,696,37,41,10,38,2017,368,126201
0,142,38,89,6,36,2020,556,122842
0,932,34,86,1,47,2016,428,45009
0,692,39,72,0,48,2018,317,28758
0,105,30,55,10,30,2000,387,74360
0,858,2,58,9,35,2014,348,135004
0,635,28,37,0,42,1998,404,114752
0,217,43,93,1,41,1992,340,56192
0,593,17,100,9,40,1992,439,145043
0,188,3,63,6,46,2015,481,3019
1,319,12,67,4,24,2009,577,30214
0,700,42,66,6,20,2013,445,18100
0,344,8,50,0,28,1993,515,120959
0,452,2,80,2,50,2017,411,18339
0,937,2,39,0,22,1998,441,127567
0,971,17,58,6,39,2012,321,147203
0,739,44,47,7,28,2000,421,74749
0,434,44,61,0,36,1997,342,60374
0,246,20,76,6,46,1994,481,62422
0,180,30,66,3,25,2007,384,58620
0,710,13,32,7,37,2002,404,106514
0,455,25,63,4,37,1997,408,51076
0,866,11,47,10,30,2019,318,139844
0,890,46,61,1,44,2008,406,91980
0,185,40,47,1,24,2002,398,125655
0,776,4,41,9,23,2013,523,99456
0,891,4,40,6,48,2013,476,126728
0,223,38,78,7,45,1996,538,22459
0,873,9,38,9,44,2010,503,56316
0,728,19,43,6,48,2004,371,26417
1,858,6,56,0,24,2007,570,49044
0,989,18,49,3,28,1999,441,140150
0,872,47,83,8,37,2003,475,19630
0,599,16,31,8,26,2008,433,39775
0,333,37,93,8,21,2013,425,141415
0,685,17,81,9,48,2006,544,39766
0,872,37,71,9,31,2014,542,30318
0,879,18,43,0,35,2005,538,61368
0,280,32,50,4,32,1997,422,110536
0,812,19,96,5,39,2006,523,16161
0,935,38,93,8,26,2012,359,139544
0,950,15,47,7,33,2001,545,32685
0,871,35,58,8,45,2005,516,104487
0,709,26,68,7,49,1999,593,50792
0,560,18,63,7,23,2019,425,113309
0,306,25,61,1,39,2004,434,53833
0,160,38,43,9,36,1996,334,51672
0,601,5,69,0,41,2004,577,75116
0,112,11,29,2,26,2012,488,1359
0,525,26,28,4,35,2000,491,34701
0,252,10,10,6,27,2016,408,132936
0,238,39,87,1,45,1994,489,130303
0,119,8,91,10,41,1991,554,31555
0,283,32,32,0,40,2007,454,59152
0,860,18,20,10,46,2003,326,143556
0,661,46,84,2,22,2009,382,145353
0,857,23,48,5,40,2018,555,52481
0,865,36,76,1,35,1998,595,86231
0,822,10,26,0,26,2009,389,74459
0,168,25,38,8,50,2015,309,31998
0,204,25,45,0,40,2012,337,146124
0,624,48,66,3,24,2009,555,80609
0,360,21,21,9,24,1994,308,106464
0,651,34,45,4,28,2002,510,145515
0,693,35,64,10,36,1997,441,95923
0,330,28,92,3,39,2006,480,33861
0,416,31,33,10,49,2008,435,57716
0,831,21,46,3,26,2017,313,35766
0,546,4,6,2,34,2004,387,64222
0,788,13,27,3,47,2016,437,54478
0,766,6,66,1,23,2011,320,6911
0,836,50,77,6,37,2018,482,5665
0,419,29,43,9,43,2003,452,119079
0,805,33,64,2,20,1999,495,20123
0,237,1,17,10,20,2020,369,86863
0,506,24,59,5,30,2005,519,121399
0,532,21,66,4,33,1993,368,141449
0,211,2,93,2,49,1993,510,98085
0,294,50,99,1,48,2000,447,146597
0,369,13,37,4,34,2009,482,57105
0,717,50,99,3,43,1996,311,49524
0,869,27,100,7,41,1991,335,104134
0,323,30,48,0,25,1999,468,121409
0,401,11,44,4,43,2006,435,76234
0,135,38,50,9,24,2006,563,92647
0,986,34,43,6,36,2019,322,77587
0,461,17,59,2,40,2002,552,128844
0,499,27,78,4,24,1995,384,95016
0,504,22,94,4,50,1990,568,94354
0,701,22,88,8,20,1997,458,112175
0,262,10,76,0,36,2000,455,21294
0,240,27,86,8,30,2009,427,33741
0,659,13,38,0,30,2005,483,59181
0,898,45,68,5,43,2003,535,137930
0,753,6,35,5,49,1998,359,23839
0,118,18,97,9,29,1997,459,2446
0,684,5,43,3,22,1997,310,59258
0,132,1,55,3,22,2010,514,105281
0,533,25,81,0,49,1996,593,123679
0,355,20,87,6,47,1994,546,78119
0,517,9,23,8,23,2001,309,74199
0,218,22,86,9,44,2013,462,127400
0,130,34,45,8,32,2014,469,145729
0,994,17,42,1,26,2008,386,64799
0,945,13,60,10,34,2010,416,128287
0,260,15,99,9,34,2020,552,89523
0,976,34,54,5,21,2004,548,107480
0,271,10,59,2,50,1992,553,135788
0,385,35,83,10,29,1990,477,50829
0,805,46,56,10,38,1990,394,83907
0,647,28,30,4,25,1996,496,39415
0,647,44,70,3,22,1993,489,40892
0,917,48,95,4,27,2015,342,76440
0,371,16,71,3,28,1990,564,30615
0,314,18,36,2,41,2019,498,135015
0,237,25,62,4,30,2005,427,63020
0,772,7,16,3,37,1998,505,57354
0,639,42,70,3,25,2000,597,90153
0,540,12,34,6,28,1991,451,10581
0,585,25,71,4,44,1990,451,141401
0,103,28,73,5,43,2004,565,70611
0,155,25,65,7,31,2012,372,72701
0,884,22,27,8,23,2020,313,53024
0,629,18,20,0,40,2018,417,26306
0,495,43,71,3,45,2016,355,81231
0,641,26,36,5,44,2005,341,90863
1,439,40,61,2,26,2016,519,25630
0,186,30,34,0,43,2000,497,57703
0,237,11,75,3,42,1996,325,105948
0,305,38,65,2,36,2009,384,149164
0,445,9,50,1,46,2013,514,117791
0,727,34,76,1,37,2011,396,110364
0,278,18,27,10,41,1991,473,20364
0,310,22,37,1,33,1998,399,2914
0,611,39,55,9,48,2004,396,139501
0,790,27,94,8,37,2000,444,16390
0,421,44,44,3,50,1993,517,108907
0,220,30,30,3,33,2006,566,9588
0,876,32,54,10,38,1999,392,978
0,368,15,56,6,28,2003,422,74843
0,591,1,18,6,50,1994,332,77857
1,382,1,68,0,25,2018,530,36960
0,708,30,57,9,39,2010,390,51223
0,660,25,52,9,31,2007,552,77409
0,858,29,33,2,44,2016,340,77542
0,772,42,68,0,27,2006,402,124878
0,786,17,24,7,25,2004,464,65541
0,993,19,22,10,33,2019,312,68380
0,201,35,81,5,22,2006,490,125078
0,318,2,23,9,44,2004,326,137343
1,228,24,83,4,29,2002,504,71410
0,415,25,27,6,31,2002,330,77145
0,596,14,42,1,28,2016,402,116723
0,502,42,95,6,46,2013,353,72573
0,486,40,80,2,29,1999,577,94402
0,152,34,72,4,30,2006,584,148102
0,318,2,33,0,25,1993,327,83039
0,262,8,29,0,22,2014,501,32844
0,773,30,57,9,36,2013,440,127189
0,936,20,91,3,50,2015,579,106977
0,116,10,89,10,47,2020,440,113590
0,848,16,17,5,47,1996,529,35952
0,300,14,90,10,24,1992,379,135788
0,760,44,78,8,29,2012,316,87781
0,522,11,80,5,28,1996,538,111761
1,218,13,99,5,29,2012,538,79228
0,660,48,63,8,41,1990,513,63147
0,294,43,65,9,30,1997,480,106150
0,953,24,81,0,45,2000,600,35192
0,224,44,97,7,45,2019,514,145203
0,424,38,84,4,33,2002,550,71957
0,772,27,90,1,44,2019,453,95903
0,843,33,38,3,50,1996,575,34373
0,244,25,53,4,38,2014,421,113954
0,557,12,16,8,37,2005,553,37319
0,985,30,37,10,21,2020,550,33440
0,126,44,97,7,48,2016,583,68956
0,211,10,14,10,42,1994,454,71386
0,852,14,58,1,27,1991,526,101887
0,351,33,48,3,49,1991,428,104383
0,214,25,73,2,46,2011,575,8476
0,275,23,38,4,45,2009,437,26674
0,313,32,81,7,30,2014,530,148552
0,229,19,83,7,42,2008,435,20935
0,829,29,40,6,24,2016,362,13990
0,510,21,99,1,28,2015,561,122151
0,116,42,88,0,41,2020,589,18783
0,756,8,73,2,34,2008,391,122955
0,711,20,43,10,24,2018,528,147661
0,199,26,54,3,46,1999,303,90355
0,715,19,55,0,20,2002,438,117921
0,291,33,79,7,47,2017,407,100626
0,677,16,19,9,23,2020,526,66916
0,987,41,86,6,50,2006,500,29045
0,844,33,78,0,29,2002,590,147529
0,932,16,53,5,37,2018,379,144414
0,155,31,77,1,34,1995,350,131363
0,161,28,53,0,47,1994,466,34763
0,699,21,47,4,43,1990,318,34294
1,328,32,78,0,29,2018,483,31392
0,147,27,77,5,47,2004,379,86784
0,505,18,34,4,26,1998,477,48159
0,597,32,94,0,24,2001,322,99108
0,723,8,31,3,27,2008,438,72089
0,955,23,29,9,29,2005,387,28610
0,371,33,65,6,29,2020,373,78730
0,589,24,100,4,33,2016,515,63652
0,864,14,41,0,46,2017,479,91243
0,137,5,37,10,34,2004,447,7422
0,517,23,85,9,22,2014,522,39275
0,747,44,90,6,45,2004,583,80842
0,923,18,44,4,36,2002,409,28470
0,194,33,83,8,34,1994,439,1064
0,837,3,42,8,29,2009,323,129764
0,543,37,58,0,33,1990,479,57310
0,857,34,43,7,27,2008,487,139518
0,224,7,80,0,44,2008,434,55714
0,868,40,89,8,26,2015,554,21012
0,629,6,99,7,39,1999,466,95043
0,520,13,87,10,29,2015,525,92325
0,996,9,11,9,22,1996,311,35986
0,749,1,50,4,21,2012,326,142588
0,735,17,21,9,40,2003,580,31628
0,900,22,69,0,41,1998,416,137377
0,321,31,84,8,43,2015,332,71401
0,728,21,45,5,27,2018,571,40712
0,252,7,25,4,46,1998,599,41066
0,731,38,39,0,37,2001,482,48070
0,740,35,61,5,37,2017,415,147669
0,185,46,99,8,37,2008,348,18719
0,992,43,52,8,26,1998,582,130868
0,175,16,55,7,50,2013,333,105841
0,644,39,66,5,33,1999,406,109577
0,665,21,30,4,41,1991,381,83374
0,869,21,43,10,23,2011,495,25714
0,403,20,54,5,36,2012,387,68494
0,181,20,88,7,48,2011,461,24419
0,720,1,23,3,25,2015,317,15021
0,574,20,63,9,47,2006,593,71454
0,250,14,75,9,26,1997,424,86436
0,448,46,86,3,38,1990,372,47499
0,316,28,59,3,43,1990,496,31948
0,126,50,75,9,36,2015,494,74530
0,943,2,72,8,31,2020,483,141440
0,321,11,98,4,46,1995,346,133588
0,841,33,69,9,25,2016,511,118280
0,770,33,38,2,31,1997,400,52045
0,195,21,42,1,25,1995,326,107383
0,778,38,42,5,45,1998,564,2139
0,723,50,53,6,28,1995,435,28557
0,357,39,94,8,40,1990,511,122874
0,404,23,57,2,26,2018,523,135886
0,922,22,60,8,20,2009,515,38856
0,333,33,42,0,31,2005,551,28296
0,622,35,47,0,30,2017,442,54722
0,139,31,96,1,31,1995,424,45809
0,470,23,87,10,37,1999,442,104556
0,832,1,76,10,25,2008,415,124686
0,188,15,78,5,49,2012,519,3981
0,729,20,27,9,44,2020,325,41903
0,359,14,27,8,23,2014,334,64556
0,959,20,43,4,39,1996,480,80313
0,639,28,74,10,22,1997,491,46346
0,920,48,64,4,42,2012,503,63495
0,974,11,61,8,22,2003,404,13447
0,390,2,15,3,47,1992,428,94568
0,157,12,76,1,49,1993,534,88043
0,139,17,82,4,22,1990,445,106361
0,365,5,96,10,35,2013,330,37577
0,947,40,95,7,28,2017,503,27382
0,735,19,90,5,26,2004,332,29040
0,278,4,6,5,44,1994,598,82572
0,695,35,86,5,33,2018,589,86736
0,979,36,42,8,48,2010,423,23657
0,183,14,92,8,29,1995,371,115940
0,517,17,38,1,33,2010,436,24110
0,505,49,84,2,28,2000,369,117368
0,789,3,91,4,26,2015,596,135764
0,503,45,72,3,38,2017,479,125415
0,706,5,95,10,24,1995,498,102928
0,277,47,94,9,41,1994,383,21575
0,756,32,86,6,49,1993,555,73070
0,218,24,48,2,42,2001,398,104550
0,410,35,41,2,32,1996,386,129383
0,770,9,46,8,22,2020,374,67852
0,282,50,59,1,22,2020,339,89913
0,234,39,67,2,44,1997,446,22218
0,146,36,74,3,41,1998,469,52607
0,867,31,62,10,44,2012,589,104484
0,316,1,33,3,42,1991,564,106828
0,386,40,85,0,49,2012,404,42795
0,376,7,27,7,46,2013,364,74561
0,308,28,64,5,32,2009,328,108023
0,285,21,21,5,43,1993,313,85189
0,410,32,35,6,49,2008,585,131597
0,909,42,99,5,42,1996,426,148485
0,137,20,100,10,23,2020,388,57563
0,380,27,39,3,30,2002,391,56130
0,686,25,45,3,47,2005,364,81790
0,734,47,57,1,36,2020,593,114622
0,312,46,47,10,34,1991,587,69764
0,359,24,42,2,24,1996,469,129496
0,353,48,94,0,23,2018,333,121090
0,353,23,31,9,44,2003,564,83775
0,958,6,15,10,36,2009,529,97831
0,176,47,75,0,41,2002,347,133559
0,596,46,62,2,27,2011,351,111824
0,873,49,88,5,20,2009,452,109667
0,433,47,98,3,40,2014,597,74628
0,823,25,67,2,48,2019,559,58236
0,505,21,50,0,27,2013,557,94598
0,944,48,74,10,23,2020,516,43297
0,139,45,56,0,42,2006,511,20093
0,175,13,50,4,31,1997,399,47577
0,939,20,58,9,24,2007,540,54776
0,475,49,95,9,31,2010,468,89668
0,793,5,19,8,22,1993,528,132668
0,846,22,85,2,40,1991,593,106242
0,459,9,60,10,46,1994,570,496
0,976,48,100,5,24,1990,512,139193
0,501,20,72,0,38,1996,449,95930
0,480,34,44,10,50,1998,329,2768
0,663,32,70,0,41,2010,509,139458
0,526,1,95,8,35,2012,438,117115
0,312,45,71,0,40,2007,427,1294
0,648,37,92,9,39,2015,554,119010
0,383,38,38,7,35,2018,354,75786
0,439,16,94,8,41,1990,555,143793
0,616,47,90,6,25,1997,351,123863
0,805,27,48,6,44,2005,485,12950
0,372,39,99,8,40,2013,420,15118
0,411,14,91,1,37,1997,414,68824
0,284,2,16,5,27,2017,358,80019
0,783,35,92,10,29,1996,488,20054
0,197,25,42,3,38,2000,546,75997
0,873,9,44,2,48,2011,325,84665
0,548,1,28,7,46,2012,410,48549
0,975,38,72,7,31,1990,529,87740
0,300,36,100,5,40,2019,437,92869
0,247,41,92,2,24,2003,526,145567
0,752,30,52,0,25,1998,517,107092
0,733,19,72,10,47,1997,352,141369
0,993,47,53,5,26,2008,322,24793
0,801,27,29,0,33,1999,499,55885
0,891,30,58,8,29,2004,329,57992
0,233,42,51,1,35,2005,553,143161
0,506,33,72,9,23,1998,524,147799
0,685,21,26,2,29,2018,522,107507
0,870,12,66,0,29,2017,390,106444
0,127,32,74,10,50,2015,586,61430
0,812,20,100,1,28,2020,328,8146
0,277,28,98,8,43,2001,519,35427
1,559,8,92,4,29,2006,521,53985
0,158,18,53,9,26,2009,315,23328
0,444,47,54,2,30,2008,416,145508
0,777,50,60,7,49,2015,574,67759
0,265,46,92,0,49,2005,336,126109
0,775,42,77,5,45,2015,543,29118
0,527,41,64,2,30,1991,426,23162
0,369,3,28,5,33,1990,580,86352
0,801,15,28,3,21,2012,328,77321
0,889,9,67,9,28,2013,520,57732
0,744,34,42,1,38,1992,569,49662
0,102,11,82,3,20,2009,448,17623
0,426,47,66,0,39,1993,582,143569
0,666,19,41,9,44,1995,388,95322
0,683,26,80,8,27,2016,445,29698
0,768,44,68,7,26,2001,301,7842
0,621,23,36,1,50,1994,493,9032
1,443,15,81,3,26,2007,533,67823
0,282,18,95,0,35,2001,419,51651
0,795,8,99,7,45,2018,559,91338
0,870,44,84,7,50,2016,566,51955
0,186,8,16,10,25,2013,467,56236
0,983,17,50,3,48,2014,477,90590
0,687,23,93,8,22,1999,485,87933
0,552,14,94,2,31,1990,339,54250
0,778,41,65,1,36,1995,530,20564
0,848,46,78,1,29,2008,324,2608
0,814,14,84,2,43,2015,348,18063
0,395,9,58,1,45,2010,400,128194
0,449,18,32,2,37,2009,576,52012
0,850,25,99,4,30,1993,342,74079
0,406,22,27,9,23,2005,316,298
0,399,3,14,4,35,1992,361,105082
0,193,13,73,9,20,2005,494,17802
0,332,44,60,8,28,1993,346,13513
0,646,47,48,8,32,1993,361,143695
0,399,2,75,10,45,2012,585,23281
0,935,23,44,1,47,1997,505,52979
0,595,5,66,0,28,1993,312,78416
0,959,17,78,10,44,2010,433,120223
0,248,41,67,8,43,2003,542,13771
0,517,31,72,3,48,1997,319,45973
0,678,6,68,5,44,2003,313,29306
0,843,5,95,6,26,2020,305,146758
0,308,2,68,3,43,1992,429,48533
0,198,6,76,0,26,2015,550,100756
0,246,47,93,4,37,2019,475,77878
0,673,18,95,10,38,2000,460,128567
0,714,7,50,7,31,2017,416,146671
0,100,30,73,5,23,2018,502,98045
0,300,48,66,4,48,1993,470,117860
0,422,22,79,10,47,2017,520,4539
0,587,50,82,5,31,1998,467,24835
1,980,27,58,1,25,2016,471,61141
0,546,20,23,8,46,1996,374,25113
0,926,17,48,3,30,2009,417,3282
0,462,50,54,7,23,2006,384,128039
0,616,2,60,6,41,2000,590,117858
0,333,13,40,10,47,1992,391,104201
0,993,27,59,8,43,1995,497,8258
0,187,11,95,1,43,2009,444,143290
0,532,22,71,4,25,1999,580,81527
0,918,11,72,3,50,2016,362,33319
0,451,47,53,0,50,2015,425,141068
0,954,45,81,9,43,2018,516,15956
0,943,19,59,0,46,2010,460,4031
0,279,36,97,10,32,2018,440,65984
0,969,40,68,8,45,2003,510,111273
0,769,43,66,5,47,2019,438,78638
0,349,21,75,10,43,1993,579,134985
0,249,28,44,10,37,1999,439,149315
0,927,37,45,1,48,2015,458,87440
0,667,3,90,1,48,2003,407,95523
0,270,38,48,8,31,2006,526,97932
0,266,41,89,7,41,1999,568,95746
0,504,44,57,10,41,2010,469,130988
0,505,37,44,1,45,2017,427,129305
0,360,40,86,0,48,1997,571,68626
0,255,38,74,7,45,1999,574,15544
0,920,2,78,1,47,2007,447,37887
0,909,44,64,6,23,2016,403,8954
0,372,5,47,3,44,2006,392,69410
0,331,45,87,3,24,1992,309,21494
0,146,4,40,5,43,1997,390,114100
0,147,38,77,7,22,2008,328,100795
0,519,1,94,2,36,1990,320,112318
0,600,33,42,2,43,2004,540,105648
0,479,9,66,7,39,1996,508,16416
0,522,30,40,8,48,2006,355,78320
0,813,7,27,1,49,1997,322,147492
0,899,12,69,3,39,1991,314,114426
0,795,21,77,7,50,2003,350,62401
0,123,3,94,9,45,2014,458,81033
0,508,3,68,7,38,2011,438,42514
0,412,4,71,5,24,1997,387,109773
0,191,45,99,3,42,2007,563,69705
0,250,26,88,0,24,2003,307,69186
0,897,28,43,7,44,2009,361,136344
0,705,20,82,6,37,2003,413,102556
0,116,11,77,9,23,2019,574,52630
0,978,13,39,4,45,1994,393,98526
0,235,37,49,4,31,2009,513,30251
0,313,21,59,9,41,2007,351,126610
0,342,2,83,9,43,1990,468,55737
0,818,9,24,3,27,2010,333,124636
0,777,9,70,8,28,1996,464,88754
0,403,1,2,1,49,2008,408,142314
0,644,18,54,6,48,2016,564,22524
0,787,22,31,2,39,2012,540,38801
0,397,25,66,9,34,2020,414,93888
0,235,2,50,8,45,2019,572,13483
0,656,31,65,3,29,1990,372,41671
0,620,26,78,2,45,2016,446,92301
0,680,21,33,7,21,2009,495,101122
0,442,38,52,1,38,1996,559,92543
0,880,28,79,4,46,2002,473,31735
0,518,3,85,7,43,2009,328,32837
0,828,20,24,6,34,2012,553,61402
0,216,36,68,4,43,2004,460,78135
0,401,43,96,0,36,2014,472,114671
0,964,41,81,8,39,1998,365,100120
0,109,12,23,1,28,2004,304,29215
0,999,12,24,6,28,1999,563,68403
0,357,22,58,3,27,1992,487,44901
0,598,26,77,1,32,2020,500,69692
0,860,11,76,10,44,2003,545,35784
0,778,5,67,9,33,2010,345,37464
0,677,6,51,9,30,1993,324,95796
0,870,4,60,9,38,1991,512,27504
0,939,48,55,9,32,1997,405,111365
0,221,3,10,1,29,2013,489,43654
0,343,9,71,1,28,1996,357,120485
0,107,18,47,2,34,1992,548,21401
0,777,42,84,4,38,2007,345,45475
0,641,3,57,1,23,2014,594,101423
0,134,20,69,3,39,2016,362,134248
0,650,43,64,9,36,2015,579,53084
1,502,20,71,3,22,2020,599,75491
0,802,23,34,4,32,2018,498,54789
0,985,40,67,4,35,2010,405,127621
0,344,8,18,9,46,2007,429,106500
0,917,30,90,9,27,2003,431,147541
0,528,44,46,1,27,2010,361,132988
0,786,2,87,9,42,2020,485,48791
0,310,1,20,9,43,1990,466,657
0,660,23,86,10,37,1997,527,40081
0,885,38,90,7,28,1991,548,49630
0,437,42,43,0,39,2018,592,99437
0,293,31,39,8,44,1999,467,57185
0,670,45,100,1,26,2009,445,40288
0,457,35,46,3,50,2018,348,67842
0,305,43,50,3,24,1994,343,117518
0,743,38,45,6,20,1998,403,39268
0,471,30,36,5,22,2014,541,110976
0,489,7,84,5,30,1990,394,109417
0,816,27,63,5,30,1990,314,120250
0,610,32,76,9,33,1993,597,89425
0,677,25,56,6,21,2015,555,127564
0,622,20,40,0,42,2018,458,18052
0,534,40,90,3,38,2018,546,58519
0,514,45,61,5,46,2020,403,84290
0,715,38,92,9,20,2012,435,110319
0,799,4,88,5,49,2015,308,12035
0,860,48,70,0,50,2002,490,30617
0,495,49,78,9,30,2019,539,67287
0,109,11,95,1,28,2000,558,18477
0,919,47,85,1,34,1993,462,20504
0,931,33,87,7,29,2006,531,26875
0,256,13,38,5,41,2014,494,80686
0,953,16,95,10,20,2014,553,12080
0,931,30,92,5,33,1995,587,139578
0,418,33,82,8,35,2019,520,21244
0,936,2,48,6,45,1995,396,35736
0,911,8,14,9,33,2004,552,77364
0,669,45,57,2,22,2006,447,27955
0,842,36,91,10,37,2003,310,145695
0,724,40,98,6,29,2000,542,89277
0,696,31,76,3,35,2019,595,47171
0,614,11,41,8,27,2006,419,74643
0,674,47,74,4,44,1998,547,76239
0,923,50,56,3,34,2007,400,87123
0,509,14,62,10,46,1991,461,133951
1,339,41,70,5,25,2002,590,28511
0,474,16,43,1,42,1996,463,73131
0,660,24,78,8,33,2001,362,33723
0,252,48,73,6,45,2008,474,78191
0,322,7,23,8,48,2009,344,111383
0,472,26,73,1,43,1994,577,11275
0,570,49,54,1,20,2014,373,112367
0,642,4,27,6,43,1998,567,144109
0,960,13,52,0,35,2004,468,66923
0,599,21,22,10,30,2010,524,144800
1,812,18,98,3,29,2012,572,52731
0,640,50,92,9,26,2010,484,129885
0,543,8,31,5,38,2014,306,2090
0,129,26,49,9,36,2015,382,90823
0,918,11,85,10,29,1998,466,25312
0,744,12,91,0,41,2016,494,134013
0,789,2,80,10,20,2002,330,128469
0,320,3,55,5,26,2016,527,122147
0,858,17,84,10,20,1991,539,41013
0,406,49,63,3,34,2003,507,101407
0,284,6,39,1,32,1993,388,90370
0,931,37,42,0,24,2011,339,147523
0,360,23,66,1,42,1997,588,36887
0,406,28,67,10,28,2001,458,95820
0,693,45,61,8,28,2020,468,33574
0,576,2,74,2,45,2012,574,9244
0,552,15,40,3,36,2009,326,147967
0,888,18,44,7,43,2009,444,21807
0,540,16,42,10,38,2019,594,126030
0,441,39,85,8,38,1991,365,110953
0,463,42,84,4,27,1993,542,143525
0,488,11,46,10,28,2010,557,90746
0,218,22,27,2,49,2008,352,128381
0,574,16,89,1,32,2010,336,92821
0,405,46,69,3,43,2011,439,143065
0,196,34,62,2,48,2004,565,148997
0,676,43,70,10,47,2003,595,88297
0,185,35,44,4,30,2003,541,93685
0,840,10,86,8,44,1994,547,130302
0,842,2,51,4,24,2010,582,103407
0,780,22,89,4,47,2017,458,146253
0,671,44,83,0,28,2003,434,96045
0,140,9,74,0,32,2000,423,91464
0,520,39,53,0,36,2010,510,100046
0,206,37,99,10,46,2014,475,36343
0,187,42,47,4,41,2012,453,18834
0,809,17,96,6,34,2015,379,77720
0,905,7,66,6,24,1990,472,128159
0,199,23,27,2,24,1994,461,98402
0,237,5,42,4,44,1999,521,72234
0,604,15,71,4,47,2006,468,23970
0,475,27,84,1,35,1990,573,135537
0,665,32,40,6,37,2001,533,90868
0,957,18,71,3,36,2007,380,9965
0,555,2,14,7,35,2014,585,49328
0,637,19,25,9,32,2014,427,106237
0,867,34,95,2,41,2014,493,43972
0,880,47,71,4,29,2011,390,5942
0,623,41,83,1,23,2002,322,70518
0,236,1,30,10,28,1999,569,113266
0,693,11,28,1,37,2003,413,39074
0,470,18,58,9,41,1996,307,103487
0,161,16,77,6,25,1992,548,73350
0,428,7,31,2,33,2002,374,119488
0,901,14,36,9,45,2009,482,124381
0,411,17,60,1,32,2010,576,73045
0,325,3,49,3,45,1997,415,15463
0,652,23,26,9,49,1994,363,58467
0,208,33,57,6,29,1990,301,41546
0,886,41,61,9,29,2019,353,129666
0,486,40,54,9,20,2015,304,69900
0,606,38,69,7,26,1995,335,84742
0,938,29,65,4,36,2012,528,35748
0,995,37,40,5,42,2005,501,101246
0,179,41,58,10,24,1997,550,118587
0,206,31,35,9,35,2011,494,39400
0,923,40,61,9,32,2011,388,59604
0,389,37,57,7,23,1991,530,46233
0,200,47,99,3,32,1998,452,12455
0,496,23,47,7,45,1994,350,29178
0,874,5,17,5,33,2007,476,148649
0,178,38,51,1,28,2005,419,107654
0,512,24,53,1,35,2011,300,136458
0,283,21,94,3,37,2000,541,72629
0,603,38,57,9,50,2012,588,6294
0,658,1,8,2,46,2011,581,146659
0,614,11,96,3,41,2020,568,50153
0,839,26,90,5,39,2002,456,115768
0,739,12,55,6,30,2006,595,76241
0,426,2,33,9,25,2010,538,80115
0,210,34,48,1,37,2002,545,111910
0,561,38,81,8,39,2014,409,70292
0,321,17,93,3,46,1998,465,113349
0,384,4,78,0,47,2018,365,3033
0,453,48,91,2,47,2019,567,55119
0,967,2,73,2,44,2011,405,75100
0,279,41,87,3,44,2016,468,122908
0,906,6,96,7,28,2019,410,54499
0,719,16,83,3,36,2002,505,91130
1,822,6,99,4,20,2003,534,29018
0,934,18,64,10,26,1998,319,144510
0,417,16,48,2,32,2002,478,137571
0,771,15,54,0,38,2001,451,45235
0,363,37,38,3,27,1996,405,135743
0,174,4,78,1,27,2005,560,140269
0,364,45,58,10,47,2019,564,78659
0,984,12,18,2,45,1993,372,12647
0,468,11,57,8,42,1998,325,98056
0,362,28,51,9,21,2004,517,20511
0,385,43,47,4,47,2019,432,111115
0,792,11,79,3,37,2007,317,122125
0,996,25,52,9,50,2015,588,36460
0,817,46,61,4,36,2017,416,98466
0,535,39,49,0,41,2016,571,140941
1,719,14,60,4,22,2009,453,697
0,777,45,84,1,37,2009,306,51721
0,795,8,11,10,20,2010,461,111376
0,224,8,18,2,44,2013,531,95637
0,842,43,84,7,49,2015,446,100592
0,680,30,59,6,47,1998,349,86217
0,227,4,65,7,45,1995,499,122448
0,641,34,95,10,43,1991,496,28686
0,777,24,87,2,35,1993,453,133679
0,735,50,58,3,47,2016,515,127173
0,914,43,73,2,24,2016,471,88738
0,431,17,29,7,34,1994,422,143736
0,797,31,81,6,39,2018,474,92560
0,401,37,37,4,26,2017,530,30839
1,999,48,79,1,26,2013,585,28967
0,788,30,61,2,35,1990,374,19070
0,455,9,94,6,49,2019,484,145030
0,930,38,49,9,35,2011,473,129373
0,719,48,99,7,28,2000,584,65222
0,498,31,66,10,38,2014,304,99876
0,757,22,96,9,35,2011,330,48183
0,127,30,98,9,29,2014,393,66996
0,358,2,56,7,21,2018,353,86405
1,757,16,82,1,23,2018,600,44262
0,786,41,52,5,24,1995,366,1011
0,499,13,60,6,35,2007,351,38394
0,816,42,91,8,49,2004,303,140444
0,609,42,90,6,27,1992,319,137552
0,937,35,85,1,48,2020,593,41832
0,172,10,16,2,30,1992,361,137130
0,730,5,98,8,47,2018,366,110065
0,759,18,27,3,20,2000,435,106999
0,563,27,38,8,24,2013,463,88849
0,257,36,39,9,28,2005,363,145187
0,766,10,17,8,40,2017,380,56993
0,203,8,35,1,21,1999,363,145230
0,721,13,17,2,23,2009,576,130080
0,201,27,27,6,28,2018,497,122154
0,920,48,56,7,20,1991,504,39104
0,993,26,41,1,32,1990,367,113220
0,930,36,60,0,34,2009,462,85974
0,150,39,49,3,43,1997,589,128494
0,442,28,48,9,25,2011,560,107636
0,742,24,49,0,35,2019,496,118824
0,621,33,77,9,33,2000,375,145330
0,780,17,29,9,47,2017,428,138497
0,334,6,11,0,38,1995,505,82099
0,726,14,83,3,30,2010,568,24083
0,321,8,18,5,49,1994,394,115582
0,115,4,99,2,45,2002,493,120713
0,421,41,98,6,29,1992,571,125321
0,418,48,62,6,35,1997,428,8418
0,344,39,49,4,27,2020,532,125981
0,912,17,45,4,21,2018,487,33646
0,251,27,83,2,39,2003,431,54754
0,488,11,47,7,39,2016,435,67982
0,519,33,94,2,32,2009,455,36396
0,138,33,79,10,33,2010,509,102415
0,404,20,55,10,22,1992,525,20705
0,308,47,81,5,45,2005,522,52715
0,761,1,12,2,21,1994,570,22890
0,526,9,36,10,37,2005,579,59938
0,770,37,72,1,21,2018,462,119015
0,447,6,21,9,36,2013,339,41124
0,693,49,75,2,22,2006,470,97086
0,935,8,53,10,39,1997,583,148672
0,262,32,85,2,32,2006,336,122819
0,252,38,95,5,24,1995,530,123880
0,710,10,12,9,34,1996,444,57615
0,896,27,40,4,40,1998,312,96892
0,401,34,100,9,20,2016,381,73728
0,813,6,91,9,48,2003,473,60534
0,617,32,68,8,40,2011,522,77385
0,609,35,62,0,44,2009,304,40471
0,435,41,86,6,38,2010,512,65722
0,814,39,94,3,38,2013,455,90635
0,507,29,100,4,45,2005,589,147319
0,697,42,60,5,36,1996,372,76375
0,110,13,40,3,23,2014,395,80675
0,476,30,75,7,49,2014,497,74205
0,285,45,78,6,39,1993,418,71430
0,859,48,64,0,43,2020,484,89803
0,431,3,94,2,29,2009,444,98063
0,847,10,36,6,43,2001,516,97001
0,833,26,74,10,20,2012,555,146571
0,962,41,64,0,41,2002,385,105164
0,306,8,99,4,46,2017,528,51059
0,192,17,19,10,36,1992,425,117504
0,471,46,63,3,22,2002,581,110289
0,526,46,59,4,36,2000,431,117748
0,713,30,41,2,49,2016,317,35691
0,284,31,76,6,40,2004,544,141278
0,302,7,95,10,24,2003,480,145408
0,855,5,51,3,30,2020,343,16127
0,213,29,52,2,45,2009,368,51627
0,658,6,53,5,43,1992,596,44603
0,900,50,50,0,21,2005,387,55355
0,414,9,12,7,43,1995,557,8105
0,866,27,44,7,31,1996,514,109017
0,817,26,46,8,44,2004,445,26243
0,668,27,78,4,28,2013,429,100494
0,700,5,57,2,31,1998,361,65443
0,316,15,68,4,32,1996,444,79762
0,438,2,19,0,23,1993,417,49499
0,135,15,15,3,27,1992,579,32543
0,331,41,77,8,23,2019,498,50049
0,672,49,70,0,37,2006,577,49516
0,121,45,66,4,43,1993,407,39498
0,895,30,44,7,37,2005,499,62417
0,928,7,55,5,50,1991,589,33736
0,637,24,93,6,48,2013,580,142664
0,755,43,88,9,39,2002,484,30836
0,599,30,49,2,42,2007,531,65783
0,118,15,42,3,41,2019,447,70284
0,152,3,6,0,35,1998,462,142419
0,680,1,96,6,45,2006,536,62173
0,302,27,42,5,35,2019,466,51123
0,314,28,39,5,37,2016,414,22487
0,478,37,66,9,37,2012,551,114219
0,928,25,28,6,41,2013,410,89448
0,758,33,49,10,36,1992,452,4229
0,477,39,74,10,28,1990,524,140148
0,246,17,65,1,40,2000,593,65324
0,469,32,78,0,22,2017,538,88191
0,580,32,91,9,37,2009,542,18046
0,648,8,93,0,32,2005,414,128663
0,964,10,84,3,25,2008,329,79821
0,943,18,61,8,27,1996,407,137888
0,870,37,66,9,50,2005,334,125511
0,505,47,67,7,45,2007,323,134285
0,629,28,80,5,35,2010,593,64229
0,531,31,45,2,20,2006,507,77158
0,299,40,100,2,32,2009,340,71204
0,925,23,92,9,20,2000,348,115355
0,245,21,69,4,37,1994,599,118087
0,783,45,75,5,32,1997,331,86401
0,268,50,61,3,40,1996,506,136694
0,802,4,40,8,29,2017,534,101883
0,403,39,57,9,23,2018,569,61896
0,751,26,74,2,41,1998,568,99402
0,103,41,45,9,44,2011,486,127669
0,380,11,51,7,50,2017,398,83831
0,263,30,78,2,20,2009,384,4886
0,840,9,98,7,33,2017,457,8667
0,406,32,64,6,28,2011,531,28242
0,507,11,17,0,33,1994,507,1246
0,406,18,42,2,49,2008,467,125741
0,399,19,74,2,49,2006,568,120296
0,927,37,62,5,37,2018,521,144021
0,188,34,34,8,33,2020,301,41946
0,971,19,41,3,40,1994,412,112084
0,708,28,90,1,30,2014,546,27928
0,222,38,58,9,25,1991,562,127883
0,282,11,74,8,26,2016,421,84158
0,713,11,28,3,20,2015,311,63762
0,417,13,27,2,26,2007,464,7640
0,382,20,93,3,33,2011,376,14259
0,201,49,59,1,47,1992,426,48852
0,467,11,31,1,47,2013,503,14047
0,210,17,24,1,46,2010,442,1345
0,272,19,58,1,21,1998,562,137121
0,947,26,44,6,33,2000,566,106034
0,646,22,47,9,23,2000,318,1732
0,149,49,89,10,44,1994,600,83591
0,730,5,81,9,32,2009,426,60915
0,798,10,54,3,44,1996,491,105111
0,809,47,68,1,36,1992,366,46689
0,425,49,100,9,49,1991,398,17386
0,851,36,99,7,28,2018,418,118552
0,325,37,75,6,30,2009,548,72391
0,700,15,17,10,27,1994,537,84900
0,358,6,32,7,22,2011,595,31733
0,694,18,26,10,23,1992,332,84590
0,374,31,74,2,21,2020,429,44096
0,574,9,92,10,27,2012,347,8633
0,896,35,93,7,24,2005,308,60223
0,199,29,33,6,40,1998,437,143789
0,984,12,71,9,21,2004,398,23083
0,655,41,92,9,49,2011,348,33206
0,268,11,28,4,33,2009,389,3470
0,304,28,52,10,37,2015,559,71230
0,792,10,74,8,35,2019,443,17853
0,505,36,88,5,36,2006,539,24420
0,259,16,66,3,39,1997,409,80779
0,964,3,55,1,38,1994,588,146074
0,336,24,36,4,41,1994,516,140756
0,936,48,50,7,22,2015,345,65994
0,931,37,60,9,26,1997,512,10468
0,485,19,56,10,40,1990,600,147605
0,963,32,38,6,21,1998,398,109434
0,170,47,61,2,48,1998,359,82809
0,518,3,21,10,23,2016,378,102582
0,861,27,51,4,23,1998,531,60149
0,572,43,52,8,25,2007,485,109040
0,136,37,93,7,42,2004,460,102761
0,396,25,48,8,22,1999,458,23254
0,900,21,55,2,44,2000,364,111128
0,340,8,68,6,45,1997,568,39619
0,700,45,71,0,45,2019,479,47224
0,132,38,57,7,48,2015,437,28081
0,457,4,53,3,30,2010,448,69627
0,424,11,79,8,21,2020,466,131185
0,719,42,43,10,45,2009,307,30104
0,652,8,56,0,29,1990,511,85591
0,743,44,53,5,35,2019,407,96871
0,148,1,71,3,44,2004,406,123333
0,993,38,83,5,33,2001,318,24161
0,923,13,34,8,21,1996,336,47765
0,878,7,88,3,43,1992,371,70059
0,375,2,48,3,20,2012,526,61303
0,956,46,78,9,29,2020,582,114940
0,544,14,31,3,21,2011,333,91550
0,123,40,79,3,34,2016,383,84643
0,255,27,71,2,29,2000,526,21575
0,209,23,56,7,33,2002,360,113450
0,902,2,22,5,39,2020,584,43565
0,484,49,86,8,26,1995,560,41696
0,888,32,38,1,41,1990,563,33263
0,883,5,59,0,50,2020,508,81995
0,503,4,77,5,35,1999,407,108880
1,890,45,81,1,21,2011,592,33822
0,692,49,69,10,20,2008,503,116733
0,687,9,20,0,34,2010,565,100736
0,279,3,71,3,22,2006,436,13139
0,706,10,76,5,42,2008,483,65416
0,488,3,25,8,28,2011,548,13761
0,765,37,50,7,23,1999,529,57924
0,947,31,70,7,43,2016,420,71112
0,488,45,54,8,35,2018,421,72704
1,762,26,66,3,20,2012,532,33466
0,235,30,72,0,43,2005,352,139736
0,403,5,91,7,49,1996,480,131382
0,814,21,82,1,21,2011,308,101828
0,742,2,75,9,42,2010,594,90673
0,503,17,18,8,22,2000,305,26270
0,804,21,45,1,35,2019,490,96778
0,645,17,59,7,43,1993,513,56650
0,687,15,36,5,35,2004,315,107356
0,823,8,71,5,25,2012,316,61566
0,830,49,68,1,39,2009,557,2385
0,349,38,45,8,34,2009,507,140789
0,219,12,71,8,39,2007,400,47438
0,539,17,82,7,20,2016,443,21301
0,116,22,35,10,47,2007,420,33321
0,643,35,82,0,47,2008,508,95392
0,999,14,97,6,26,2020,346,98675
0,539,4,46,2,35,1997,468,82567
0,851,44,83,4,28,2001,409,140256
0,267,5,58,10,48,1993,307,16913
0,216,5,62,0,26,2001,459,109543
0,527,43,83,10,42,2001,558,28369
0,994,49,89,8,30,1995,591,8714
0,995,42,93,6,45,1996,539,89608
0,561,11,38,4,23,2002,323,129009
0,800,14,77,4,21,2020,431,23251
0,299,44,74,6,24,1998,573,60473
0,356,35,46,2,21,1998,379,22929
0,282,38,63,0,44,2006,512,139719
0,377,38,62,0,36,2004,483,94978
0,525,7,33,9,21,2007,444,63738
0,359,35,44,3,38,1990,588,101971
0,585,12,36,5,44,2002,312,11847
0,644,47,70,10,44,1992,436,34662
0,130,10,55,3,50,2002,510,142424
0,636,4,98,1,23,2014,425,42532
0,493,15,81,6,48,2013,483,142239
0,401,45,85,7,26,2013,349,144871
0,985,29,64,7,36,1991,426,123265
0,245,50,95,7,45,2018,322,127459
0,675,36,66,3,43,2007,442,81119
0,609,19,79,9,29,2011,578,19729
0,739,23,89,9,46,2000,385,70864
0,246,11,49,6,31,2018,496,58434
0,638,22,26,10,42,1990,448,27506
0,207,46,61,10,28,2018,492,74260
0,779,47,76,6,28,2012,471,103362
0,801,13,34,3,30,2006,582,113746
0,111,6,79,6,46,2000,383,63532
0,216,45,62,7,41,2019,349,71325
0,754,39,78,4,50,2005,317,42588
0,176,9,75,6,30,1990,479,132010
0,231,32,56,4,39,2019,500,73262
0,727,17,31,4,36,2015,388,147158
0,922,7,66,1,39,2014,466,138407
0,880,18,69,4,25,1998,552,70636
0,765,34,92,7,21,2017,576,73061
0,286,26,47,1,48,2006,548,89000
0,144,34,96,5,33,2006,357,19398
0,214,46,67,1,30,2017,417,86989
0,757,45,92,1,44,2019,521,108545
0,464,32,70,10,32,2017,404,95387
0,837,15,94,3,25,2003,408,50472
0,537,39,69,6,29,2017,393,145003
0,996,32,44,9,33,2004,582,48576
0,862,11,41,0,27,2003,433,71618
0,904,14,52,10,28,1993,584,140724
0,492,2,36,0,25,1992,446,66542
0,116,49,84,0,35,2007,577,130894
0,711,24,89,2,21,2012,316,13187
0,718,10,54,3,35,2014,467,68827
0,692,32,35,3,50,2019,484,125446
0,779,13,49,3,38,2004,584,139016
0,121,17,41,2,23,1995,471,72339
1,604,47,72,1,26,2002,509,50308
0,269,24,85,1,43,2012,475,22662
0,930,34,39,7,37,2020,600,8169
0,465,32,81,4,38,2001,341,27932
0,913,13,16,8,50,2002,592,48076
0,355,35,92,10,21,2015,585,126873
0,667,10,69,9,20,2017,362,80940
0,802,17,25,6,28,1993,396,39009
0,443,29,95,5,26,2002,337,25489
0,283,18,40,2,43,2012,342,131638
0,602,25,58,1,36,2016,506,1135
0,740,48,61,6,29,2007,576,113027
0,690,33,73,4,47,1999,332,17207
0,128,39,71,7,29,2017,458,45479
0,866,50,88,10,38,2007,413,147822
0,262,31,33,2,40,2009,382,100363
0,121,8,11,5,20,2012,423,89517
0,848,47,100,4,32,1997,414,119576
0,587,37,74,2,49,1999,480,132930
0,356,19,81,4,48,2009,544,97453
0,820,49,80,9,25,1999,485,132536
1,202,8,70,4,29,2016,591,58974
0,612,14,53,2,34,2012,300,141967
0,870,42,70,10,29,2015,598,97042
0,719,6,99,3,40,2002,422,70398
0,692,38,49,10,20,1990,523,16414
0,473,46,63,6,26,2008,326,66608
0,655,3,38,0,34,2018,593,113789
0,171,34,34,3,36,2019,439,93667
0,211,7,39,0,33,2009,498,137277
0,950,21,51,4,38,1992,543,132657
0,168,14,69,5,35,2002,485,42088
0,966,42,69,4,39,1994,314,9563
0,860,43,99,10,42,2019,337,97529
0,388,49,53,0,48,1994,449,140146
0,769,3,15,2,25,2004,391,115108
0,205,47,60,4,46,2006,528,67803
0,438,23,47,6,44,2001,308,14084
0,754,29,31,10,40,2020,585,85971
0,684,18,29,0,24,1990,394,85071
0,418,16,88,9,26,2012,474,61388
0,212,35,54,9,50,2005,449,58029